date,hour,province,AQI,CO,CO_24h,NO2,NO2_24h,O3,O3_24h,O3_8h,O3_8h_24h,PM10,PM10_24h,PM2.5,PM2.5_24h,SO2,SO2_24h
20200228,0,Anhui,63.3125,0.5800000000000001,0.5950000000000001,21.25,18.3125,53.5625,81.6875,60.125,73.125,58.625,63.0625,44.875,44.1875,5.8125,6.375
20200228,0,Beijing,54.0,0.55,0.46,29.0,24.0,28.0,64.0,41.0,56.0,41.0,32.0,38.0,28.0,4.0,4.0
20200228,0,Chongqing,49.0,1.09,1.04,34.0,32.0,7.0,20.0,7.0,13.0,42.0,61.0,34.0,47.0,6.0,6.0
20200228,0,Fujian,33.25,0.4437499999999999,0.49749999999999994,12.875,13.25,68.875,101.375,78.125,90.75,27.625,33.375,20.375,22.125,5.375,5.5
20200228,0,Gansu,57.833333333333336,0.7233333333333335,0.715,26.833333333333332,23.166666666666668,45.583333333333336,98.5,65.5,86.58333333333333,64.66666666666667,80.0,35.75,39.166666666666664,10.333333333333334,13.25
20200228,0,Guangdong,34.0,0.533809523809524,0.5676190476190476,15.714285714285714,19.333333333333332,72.33333333333333,99.28571428571429,81.66666666666667,89.61904761904762,31.19047619047619,32.476190476190474,20.238095238095237,21.095238095238095,6.523809523809524,6.761904761904762
20200228,0,Guangxi,63.0,0.7046153846153846,0.703846153846154,26.53846153846154,20.846153846153847,43.53846153846154,101.92307692307692,64.23076923076923,88.3076923076923,65.61538461538461,58.84615384615385,42.76923076923077,39.76923076923077,7.923076923076923,9.307692307692308
20200228,0,Guizhou,79.0,0.6300000000000001,0.67,11.6,11.6,72.0,108.4,89.2,98.8,71.0,72.8,57.8,56.8,10.4,9.8
20200228,0,Hainan,23.0,0.375,0.42500000000000004,4.5,5.0,63.5,70.5,64.0,64.5,22.5,20.0,11.5,9.0,4.0,4.0
20200228,0,Hebei,57.36363636363637,0.8090909090909091,0.7363636363636364,33.18181818181818,27.272727272727273,34.18181818181818,73.72727272727273,49.81818181818182,66.18181818181819,55.81818181818182,50.54545454545455,40.09090909090909,32.72727272727273,11.0,11.727272727272727
20200228,0,Heilongjiang,57.75,0.7258333333333332,0.6358333333333334,19.833333333333332,16.5,67.66666666666667,94.33333333333333,72.41666666666667,84.41666666666667,49.0,39.833333333333336,41.5,32.0,18.416666666666668,13.75
20200228,0,Henan,55.705882352941174,0.7829411764705884,0.8347058823529414,21.647058823529413,21.823529411764707,37.294117647058826,61.470588235294116,39.588235294117645,52.35294117647059,38.05882352941177,60.05882352941177,40.0,49.35294117647059,4.235294117647059,6.0
20200228,0,Hubei,41.63636363636363,0.9927272727272727,0.9845454545454545,12.0,12.090909090909092,42.36363636363637,63.09090909090909,44.45454545454545,58.45454545454545,38.63636363636363,43.72727272727273,29.0,32.72727272727273,6.0,6.0
20200228,0,Hunan,47.84615384615385,0.793846153846154,0.9123076923076923,16.23076923076923,15.076923076923077,28.076923076923077,47.46153846153846,32.23076923076923,41.0,41.61538461538461,46.0,33.53846153846154,35.92307692307692,5.0,4.6923076923076925
20200228,0,Jiangsu,46.0,0.514,0.546,19.0,20.1,69.5,91.7,73.9,83.6,44.3,47.2,29.3,28.0,5.4,6.3
20200228,0,Jiangxi,63.1,0.8370000000000001,0.7349999999999999,18.1,14.1,42.1,78.5,54.7,66.2,63.1,52.5,43.6,34.9,9.3,8.9
20200228,0,Jilin,46.75,0.8275,0.8312499999999999,19.875,25.0,57.25,84.375,59.375,76.25,43.125,45.75,29.625,30.5,14.375,13.875
20200228,0,Liaoning,56.214285714285715,1.0542857142857143,0.8950000000000001,33.57142857142857,31.428571428571427,44.714285714285715,92.85714285714286,55.357142857142854,80.0,56.142857142857146,59.07142857142857,39.5,41.142857142857146,23.857142857142858,20.571428571428573
20200228,0,Neimenggu,77.0,0.8372727272727274,0.8609090909090908,22.90909090909091,24.363636363636363,53.36363636363637,92.18181818181819,65.36363636363636,82.45454545454545,83.72727272727273,82.63636363636364,53.18181818181818,50.72727272727273,20.545454545454547,20.272727272727273
20200228,0,Ningxia,88.0,0.9959999999999999,0.8960000000000001,40.6,31.6,37.0,80.6,51.4,64.6,126.6,139.4,55.0,55.6,15.6,19.6
20200228,0,Qinghai,51.0,0.83,0.67,36.0,26.0,48.0,109.0,80.0,98.0,52.0,66.0,33.0,32.0,9.0,9.0
20200228,0,Shandong,48.1875,0.6250000000000001,0.5475000000000001,23.0625,22.375,52.6875,77.625,60.3125,70.3125,42.3125,40.0,33.0625,24.3125,5.9375,9.1875
20200228,0,Shanghai,33.0,0.52,0.58,21.0,21.0,78.0,99.0,86.0,94.0,33.0,44.0,20.0,29.0,5.0,5.0
20200228,0,Shanxi,43.904761904761905,1.0538095238095238,0.9876190476190475,32.61904761904762,23.428571428571427,22.523809523809526,58.857142857142854,29.952380952380953,51.142857142857146,36.38095238095238,44.38095238095238,31.095238095238095,35.285714285714285,9.19047619047619,9.047619047619047
20200228,0,Sichuan,62.77777777777778,0.8311111111111111,0.951111111111111,18.77777777777778,26.11111111111111,39.166666666666664,69.05555555555556,44.666666666666664,54.111111111111114,57.55555555555556,85.94444444444444,45.333333333333336,69.33333333333333,6.666666666666667,7.611111111111111
20200228,0,Tianjin,49.0,0.66,0.54,46.0,36.0,31.0,84.0,36.0,66.0,36.0,29.0,34.0,22.0,15.0,12.0
20200228,0,Xinjiang,50.0,0.745,0.87,11.5,15.0,60.5,73.5,64.0,65.0,44.5,43.5,36.0,40.0,5.5,6.0
20200228,0,Xizang,26.0,0.57,0.5,6.0,6.0,83.0,98.0,89.0,91.0,11.0,11.0,7.0,6.0,6.0,6.0
20200228,0,Yunnan,70.5,0.8575000000000002,0.90625,14.5,16.125,83.625,128.5,104.375,121.0,61.5,64.0,50.25,49.0,7.375,8.25
20200228,0,Zhejiang,42.81818181818182,0.5463636363636364,0.5854545454545454,16.545454545454547,15.0,70.63636363636364,95.36363636363636,80.0909090909091,89.18181818181819,43.90909090909091,45.63636363636363,21.454545454545453,22.636363636363637,4.7272727272727275,4.545454545454546
20200228,1,Anhui,62.1875,0.556875,0.594375,19.8125,18.5,52.5,81.5,52.5,52.5,56.875,62.25,43.9375,43.9375,5.75,6.3125
20200228,1,Beijing,54.0,0.53,0.46,29.0,24.0,27.0,64.0,27.0,27.0,43.0,32.0,38.0,28.0,4.0,4.0
20200228,1,Chongqing,41.0,1.04,1.04,30.0,33.0,10.0,18.0,10.0,10.0,38.0,60.0,29.0,46.0,5.0,6.0
20200228,1,Fujian,34.75,0.435,0.495,12.75,13.125,67.75,101.375,67.75,67.75,29.0,33.0,21.0,21.5,5.625,5.5
20200228,1,Gansu,53.916666666666664,0.6666666666666666,0.7166666666666667,26.333333333333332,23.416666666666668,46.5,98.0,46.5,46.5,60.5,78.5,32.416666666666664,38.583333333333336,9.833333333333334,13.083333333333334
20200228,1,Guangdong,34.476190476190474,0.5338095238095237,0.5657142857142856,14.571428571428571,18.666666666666668,72.19047619047619,99.47619047619048,72.19047619047619,72.19047619047619,30.904761904761905,32.142857142857146,20.476190476190474,20.80952380952381,6.428571428571429,6.714285714285714
20200228,1,Guangxi,62.46153846153846,0.7107692307692308,0.703846153846154,24.0,20.76923076923077,42.84615384615385,101.92307692307692,42.84615384615385,42.84615384615385,61.76923076923077,58.76923076923077,42.30769230769231,40.0,8.538461538461538,9.307692307692308
20200228,1,Guizhou,70.4,0.62,0.662,10.4,11.6,69.2,108.4,69.2,69.2,63.2,72.4,51.0,56.2,9.8,9.8
20200228,1,Hainan,22.0,0.375,0.41500000000000004,3.5,5.0,65.5,70.5,65.5,65.5,22.0,20.5,11.5,9.0,3.5,4.0
20200228,1,Hebei,58.27272727272727,0.860909090909091,0.7490909090909091,31.363636363636363,27.363636363636363,34.36363636363637,73.72727272727273,34.36363636363637,34.36363636363637,57.36363636363637,50.45454545454545,40.63636363636363,33.0,11.272727272727273,11.727272727272727
20200228,1,Heilongjiang,56.833333333333336,0.7083333333333334,0.6316666666666667,18.166666666666668,16.666666666666668,68.41666666666667,94.41666666666667,68.41666666666667,68.41666666666667,48.333333333333336,40.166666666666664,40.916666666666664,32.166666666666664,17.666666666666668,13.916666666666666
20200228,1,Henan,54.23529411764706,0.8052941176470588,0.8223529411764705,22.529411764705884,21.88235294117647,34.35294117647059,61.1764705882353,34.35294117647059,34.35294117647059,36.470588235294116,58.05882352941177,38.94117647058823,48.76470588235294,4.411764705882353,5.823529411764706
20200228,1,Hubei,39.36363636363637,1.0,0.9827272727272728,11.272727272727273,12.181818181818182,42.0,63.63636363636363,42.0,42.0,36.36363636363637,43.63636363636363,26.545454545454547,32.54545454545455,5.909090909090909,6.181818181818182
20200228,1,Hunan,45.15384615384615,0.8076923076923077,0.9046153846153846,15.461538461538462,15.23076923076923,26.76923076923077,46.69230769230769,26.76923076923077,26.76923076923077,39.07692307692308,44.92307692307692,31.153846153846153,35.0,5.0,4.6923076923076925
20200228,1,Jiangsu,43.6,0.51,0.541,16.8,20.0,71.5,91.2,71.5,71.5,42.4,46.4,26.6,27.4,5.4,6.3
20200228,1,Jiangxi,64.1,0.8119999999999999,0.732,17.3,14.4,41.0,78.1,41.0,41.0,64.1,53.6,44.0,35.8,10.0,9.0
20200228,1,Jilin,41.5,0.8375,0.83375,24.125,24.625,52.0,84.375,52.0,52.0,40.5,45.25,25.25,30.125,15.875,14.0
20200228,1,Liaoning,54.142857142857146,1.0392857142857141,0.9021428571428572,31.071428571428573,31.5,45.92857142857143,92.85714285714286,45.92857142857143,45.92857142857143,55.357142857142854,59.0,37.285714285714285,40.857142857142854,22.571428571428573,20.714285714285715
20200228,1,Neimenggu,76.45454545454545,0.880909090909091,0.8609090909090908,22.0,23.545454545454547,54.54545454545455,92.63636363636364,54.54545454545455,54.54545454545455,82.72727272727273,82.0909090909091,52.45454545454545,50.72727272727273,23.454545454545453,20.454545454545453
20200228,1,Ningxia,83.6,0.9659999999999999,0.9100000000000001,38.2,32.2,36.6,80.4,36.6,36.6,118.0,139.0,48.2,56.0,13.8,19.6
20200228,1,Qinghai,53.0,0.87,0.7,33.0,27.0,47.0,109.0,47.0,47.0,56.0,64.0,35.0,32.0,8.0,9.0
20200228,1,Shandong,49.8125,0.63875,0.561875,24.125,22.4375,48.9375,77.4375,48.9375,48.9375,40.9375,40.1875,34.5625,24.8125,5.0625,9.125
20200228,1,Shanghai,30.0,0.53,0.58,19.0,21.0,79.0,99.0,79.0,79.0,30.0,42.0,18.0,27.0,5.0,5.0
20200228,1,Shanxi,46.095238095238095,1.067142857142857,0.996190476190476,32.666666666666664,23.857142857142858,20.857142857142858,57.285714285714285,20.857142857142858,20.857142857142858,39.142857142857146,43.23809523809524,32.42857142857143,34.333333333333336,9.523809523809524,9.047619047619047
20200228,1,Sichuan,53.55555555555556,0.8194444444444444,0.9455555555555555,16.444444444444443,25.5,40.22222222222222,69.0,40.22222222222222,40.22222222222222,48.77777777777778,83.44444444444444,37.833333333333336,67.5,6.666666666666667,7.5
20200228,1,Tianjin,54.0,0.75,0.54,44.0,37.0,30.0,84.0,30.0,30.0,38.0,30.0,38.0,23.0,20.0,12.0
20200228,1,Xinjiang,41.5,0.67,0.87,9.5,15.0,64.0,73.5,64.0,64.0,32.5,43.0,29.0,39.5,6.0,6.0
20200228,1,Xizang,24.0,0.52,0.52,6.0,6.0,78.0,97.0,78.0,78.0,12.0,11.0,5.0,6.0,6.0,6.0
20200228,1,Yunnan,68.75,0.79375,0.8875000000000001,13.75,15.625,80.0,128.5,80.0,80.0,59.125,63.5,49.25,49.0,7.25,8.125
20200228,1,Zhejiang,43.72727272727273,0.5545454545454546,0.5745454545454545,17.363636363636363,15.272727272727273,66.72727272727273,95.36363636363636,66.72727272727273,66.72727272727273,45.45454545454545,45.81818181818182,22.545454545454547,22.727272727272727,4.636363636363637,4.636363636363637
20200228,2,Anhui,61.3125,0.565,0.5918749999999999,19.0,18.875,50.75,80.5625,51.5625,53.375,55.8125,61.5,43.1875,43.625,5.875,6.1875
20200228,2,Beijing,55.0,0.52,0.46,29.0,25.0,27.0,64.0,27.0,28.0,43.0,32.0,39.0,29.0,3.0,4.0
20200228,2,Chongqing,39.0,0.99,1.05,26.0,33.0,11.0,17.0,11.0,11.0,35.0,59.0,27.0,45.0,5.0,6.0
20200228,2,Fujian,35.25,0.43124999999999997,0.495,12.625,13.25,66.375,101.125,67.0,68.0,30.75,32.75,20.375,21.5,5.5,5.5
20200228,2,Gansu,55.916666666666664,0.65,0.7166666666666667,25.416666666666668,23.75,45.416666666666664,96.75,46.083333333333336,47.666666666666664,63.0,77.0,30.083333333333332,37.833333333333336,9.916666666666666,13.083333333333334
20200228,2,Guangdong,34.714285714285715,0.5252380952380952,0.5614285714285715,13.571428571428571,18.142857142857142,71.80952380952381,99.61904761904762,72.0,73.23809523809524,32.142857142857146,32.285714285714285,20.761904761904763,20.523809523809526,6.428571428571429,6.761904761904762
20200228,2,Guangxi,61.07692307692308,0.6461538461538462,0.706923076923077,21.923076923076923,20.23076923076923,41.92307692307692,101.92307692307692,42.38461538461539,44.15384615384615,60.38461538461539,58.61538461538461,40.92307692307692,39.92307692307692,10.153846153846153,9.307692307692308
20200228,2,Guizhou,64.0,0.5960000000000001,0.6599999999999999,10.4,11.6,67.2,108.4,68.6,69.8,59.4,71.4,46.6,55.6,10.6,10.0
20200228,2,Hainan,23.0,0.365,0.41500000000000004,3.0,4.5,65.0,70.5,65.5,66.0,23.0,20.5,11.5,9.5,4.0,4.0
20200228,2,Hebei,60.27272727272727,0.8972727272727272,0.75,31.727272727272727,27.363636363636363,32.45454545454545,73.63636363636364,33.36363636363637,35.45454545454545,58.63636363636363,50.45454545454545,42.18181818181818,32.90909090909091,10.727272727272727,11.818181818181818
20200228,2,Heilongjiang,55.25,0.7174999999999999,0.6433333333333333,17.75,16.583333333333332,67.33333333333333,94.41666666666667,67.91666666666667,69.33333333333333,47.75,40.583333333333336,39.666666666666664,32.5,18.0,14.25
20200228,2,Henan,52.94117647058823,0.8052941176470589,0.8235294117647057,24.764705882352942,21.941176470588236,31.058823529411764,60.64705882352941,32.76470588235294,34.705882352941174,36.23529411764706,56.0,37.88235294117647,48.0,4.294117647058823,5.764705882352941
20200228,2,Hubei,36.81818181818182,0.9872727272727274,0.9800000000000001,11.363636363636363,12.272727272727273,39.45454545454545,63.54545454545455,40.72727272727273,42.54545454545455,33.54545454545455,43.72727272727273,24.818181818181817,32.45454545454545,5.636363636363637,6.181818181818182
20200228,2,Hunan,42.15384615384615,0.8053846153846155,0.893076923076923,14.538461538461538,15.384615384615385,26.384615384615383,46.30769230769231,26.615384615384617,27.307692307692307,38.69230769230769,44.0,28.846153846153847,34.07692307692308,4.615384615384615,4.6923076923076925
20200228,2,Jiangsu,42.2,0.48200000000000004,0.534,15.4,20.1,71.7,91.0,71.6,72.7,38.8,45.6,25.7,27.1,5.3,6.4
20200228,2,Jiangxi,65.6,0.825,0.732,17.8,14.5,37.5,77.1,39.4,41.2,65.5,54.9,45.6,36.7,11.4,9.0
20200228,2,Jilin,39.375,0.84875,0.84875,22.375,24.25,52.0,84.375,52.0,53.25,38.375,44.5,24.625,29.375,14.0,14.5
20200228,2,Liaoning,51.857142857142854,0.9892857142857141,0.9085714285714286,28.571428571428573,31.214285714285715,48.07142857142857,92.92857142857143,47.07142857142857,48.142857142857146,54.0,58.857142857142854,33.42857142857143,40.357142857142854,22.0,21.142857142857142
20200228,2,Neimenggu,81.72727272727273,0.9036363636363636,0.8554545454545454,21.454545454545453,22.90909090909091,55.81818181818182,93.72727272727273,54.90909090909091,56.0,87.45454545454545,82.0,57.54545454545455,50.54545454545455,24.181818181818183,20.545454545454547
20200228,2,Ningxia,77.0,0.9279999999999999,0.924,36.6,32.8,34.4,80.4,35.6,38.4,106.6,137.8,46.8,56.2,13.8,19.4
20200228,2,Qinghai,56.0,0.9,0.7,31.0,28.0,44.0,108.0,45.0,47.0,60.0,63.0,40.0,32.0,7.0,9.0
20200228,2,Shandong,49.5625,0.6431250000000001,0.570625,23.5,22.375,46.25,77.1875,47.625,49.25,39.0625,39.875,34.375,25.25,4.625,8.9375
20200228,2,Shanghai,30.0,0.52,0.57,18.0,21.0,78.0,99.0,78.0,79.0,30.0,40.0,18.0,25.0,4.0,5.0
20200228,2,Shanxi,50.714285714285715,1.1009523809523805,0.995238095238095,32.523809523809526,24.571428571428573,19.61904761904762,56.42857142857143,20.238095238095237,21.761904761904763,43.476190476190474,42.23809523809524,36.095238095238095,33.904761904761905,9.285714285714286,9.095238095238095
20200228,2,Sichuan,46.888888888888886,0.8283333333333334,0.9449999999999998,16.27777777777778,25.055555555555557,38.333333333333336,69.11111111111111,39.111111111111114,41.166666666666664,41.55555555555556,81.16666666666667,32.666666666666664,65.61111111111111,7.277777777777778,7.5
20200228,2,Tianjin,63.0,0.82,0.54,39.0,37.0,32.0,84.0,31.0,33.0,40.0,30.0,45.0,24.0,23.0,13.0
20200228,2,Xinjiang,39.5,0.66,0.855,10.5,15.0,63.0,73.5,63.5,65.5,32.0,43.0,26.0,38.5,5.0,6.0
20200228,2,Xizang,23.0,0.53,0.52,5.0,6.0,75.0,97.0,77.0,78.0,13.0,11.0,6.0,6.0,6.0,6.0
20200228,2,Yunnan,67.375,0.80125,0.88625,11.75,15.25,78.5,128.5,79.25,81.0,56.875,63.25,47.875,49.125,8.625,8.125
20200228,2,Zhejiang,46.36363636363637,0.5609090909090908,0.5736363636363636,17.0,15.363636363636363,63.09090909090909,95.36363636363636,64.81818181818181,67.0909090909091,48.27272727272727,46.09090909090909,23.90909090909091,22.727272727272727,4.7272727272727275,4.636363636363637
20200228,3,Anhui,60.9375,0.5837499999999999,0.593125,18.9375,19.125,48.0,80.25,50.5625,53.5,54.5625,60.9375,43.375,43.5625,5.9375,6.25
20200228,3,Beijing,56.0,0.55,0.46,31.0,25.0,22.0,64.0,25.0,28.0,43.0,33.0,40.0,29.0,2.0,4.0
20200228,3,Chongqing,37.0,0.96,1.05,25.0,33.0,10.0,16.0,10.0,11.0,34.0,57.0,26.0,44.0,5.0,6.0
20200228,3,Fujian,32.875,0.4225,0.495,11.875,13.125,64.5,101.125,66.125,68.0,28.25,32.5,20.125,21.0,5.5,5.5
20200228,3,Gansu,50.75,0.6400000000000001,0.7166666666666667,22.0,23.833333333333332,46.416666666666664,95.66666666666667,46.0,48.666666666666664,53.833333333333336,75.25,28.25,37.0,10.0,13.0
20200228,3,Guangdong,34.142857142857146,0.5242857142857142,0.5623809523809524,12.857142857142858,17.571428571428573,71.85714285714286,99.76190476190476,71.95238095238095,73.80952380952381,31.571428571428573,32.23809523809524,20.857142857142858,20.523809523809526,6.380952380952381,6.809523809523809
20200228,3,Guangxi,55.61538461538461,0.6515384615384616,0.7030769230769233,20.846153846153847,20.153846153846153,40.38461538461539,101.92307692307692,41.76923076923077,44.61538461538461,55.30769230769231,58.30769230769231,37.76923076923077,39.30769230769231,9.307692307692308,9.153846153846153
20200228,3,Guizhou,59.4,0.584,0.6500000000000001,9.6,11.8,65.4,108.4,67.6,70.0,54.8,70.6,43.0,54.6,10.0,10.0
20200228,3,Hainan,24.0,0.375,0.41500000000000004,2.5,4.5,64.0,70.5,65.0,66.0,24.0,21.5,10.5,9.5,4.0,4.0
20200228,3,Hebei,61.09090909090909,0.9127272727272726,0.7536363636363638,34.09090909090909,27.727272727272727,29.09090909090909,73.63636363636364,31.90909090909091,36.18181818181818,58.09090909090909,50.81818181818182,43.27272727272727,33.54545454545455,10.454545454545455,11.818181818181818
20200228,3,Heilongjiang,52.25,0.7166666666666668,0.6483333333333333,18.5,17.0,64.25,94.58333333333333,66.91666666666667,69.75,44.666666666666664,41.0,37.416666666666664,33.0,16.083333333333332,14.666666666666666
20200228,3,Henan,53.35294117647059,0.8041176470588236,0.8205882352941177,25.352941176470587,22.11764705882353,30.058823529411764,60.294117647058826,31.705882352941178,34.94117647058823,34.88235294117647,54.411764705882355,38.0,47.35294117647059,4.352941176470588,5.647058823529412
20200228,3,Hubei,34.18181818181818,0.9800000000000003,0.9772727272727274,11.272727272727273,12.181818181818182,37.0,63.45454545454545,39.36363636363637,42.90909090909091,30.09090909090909,43.0,22.636363636363637,32.18181818181818,5.545454545454546,6.181818181818182
20200228,3,Hunan,37.76923076923077,0.8007692307692308,0.8846153846153846,13.461538461538462,15.307692307692308,25.53846153846154,45.53846153846154,26.23076923076923,27.615384615384617,34.69230769230769,43.23076923076923,25.76923076923077,33.23076923076923,4.846153846153846,4.6923076923076925
20200228,3,Jiangsu,40.3,0.492,0.5199999999999999,15.7,20.0,69.4,91.0,70.8,73.3,35.9,44.7,24.6,26.9,5.1,6.4
20200228,3,Jiangxi,67.9,0.8240000000000001,0.7389999999999999,18.1,14.9,35.1,76.4,37.8,41.2,67.5,55.8,47.2,37.5,11.9,9.2
20200228,3,Jilin,41.0,0.8899999999999999,0.8437500000000001,23.25,23.5,49.75,84.375,51.125,53.625,39.25,43.875,25.875,29.0,14.25,14.625
20200228,3,Liaoning,48.642857142857146,0.9692857142857143,0.8999999999999998,26.857142857142858,30.857142857142858,49.0,92.92857142857143,47.714285714285715,49.714285714285715,51.42857142857143,58.357142857142854,31.0,39.642857142857146,21.714285714285715,21.5
20200228,3,Neimenggu,79.0909090909091,0.9027272727272727,0.8436363636363636,20.818181818181817,22.363636363636363,53.54545454545455,93.63636363636364,54.54545454545455,56.63636363636363,85.45454545454545,82.45454545454545,55.45454545454545,50.54545454545455,24.363636363636363,20.90909090909091
20200228,3,Ningxia,74.6,0.916,0.924,32.8,33.6,35.4,80.2,35.4,40.0,101.8,135.4,41.2,55.6,13.2,19.6
20200228,3,Qinghai,60.0,0.87,0.73,27.0,29.0,43.0,108.0,45.0,48.0,60.0,61.0,43.0,33.0,6.0,9.0
20200228,3,Shandong,48.5625,0.6443750000000001,0.573125,24.125,22.4375,44.125,77.125,46.375,49.5625,38.875,40.25,33.4375,25.875,4.375,8.5625
20200228,3,Shanghai,29.0,0.53,0.57,17.0,21.0,79.0,99.0,79.0,80.0,29.0,38.0,18.0,24.0,4.0,5.0
20200228,3,Shanxi,55.666666666666664,1.1061904761904762,1.0066666666666666,31.571428571428573,24.857142857142858,19.761904761904763,55.333333333333336,20.095238095238095,22.428571428571427,48.857142857142854,41.80952380952381,40.142857142857146,33.666666666666664,9.380952380952381,9.095238095238095
20200228,3,Sichuan,41.5,0.785,0.9355555555555556,15.277777777777779,24.666666666666668,37.888888888888886,69.61111111111111,38.833333333333336,42.0,36.166666666666664,78.83333333333333,28.666666666666668,63.833333333333336,6.444444444444445,7.5
20200228,3,Tianjin,66.0,0.85,0.56,44.0,38.0,27.0,84.0,30.0,33.0,40.0,31.0,48.0,26.0,24.0,13.0
20200228,3,Xinjiang,34.5,0.625,0.855,10.0,14.5,66.0,73.0,64.5,66.0,28.5,42.0,21.0,37.5,5.0,6.0
20200228,3,Xizang,22.0,0.55,0.52,7.0,6.0,71.0,97.0,75.0,78.0,13.0,12.0,5.0,6.0,6.0,6.0
20200228,3,Yunnan,66.375,0.7974999999999999,0.8875000000000002,10.875,15.0,76.875,128.5,78.5,81.5,54.5,63.25,47.125,49.375,6.75,8.125
20200228,3,Zhejiang,47.45454545454545,0.5736363636363636,0.5681818181818181,18.363636363636363,15.727272727272727,59.09090909090909,95.36363636363636,62.90909090909091,67.54545454545455,49.90909090909091,46.63636363636363,25.545454545454547,23.0,4.7272727272727275,4.636363636363637
20200228,10,Anhui,42.5625,0.620625,0.5906250000000001,21.0625,19.625,38.6875,79.1875,43.5,54.3125,29.53846153846154,56.5,29.5625,40.3125,6.4375,6.375
20200228,10,Beijing,69.0,0.66,0.5,33.0,27.0,27.0,64.0,16.0,28.0,56.0,38.0,50.0,35.0,5.0,4.0
20200228,10,Chongqing,29.0,0.91,1.02,24.0,32.0,10.0,15.0,10.0,11.0,28.0,50.0,20.0,37.0,5.0,6.0
20200228,10,Fujian,38.125,0.5287499999999998,0.46,19.875,14.25,57.375,101.125,55.25,69.125,37.625,31.875,23.625,20.25,6.625,5.375
20200228,10,Gansu,59.54545454545455,0.9818181818181817,0.7290909090909092,32.36363636363637,24.454545454545453,37.0,93.63636363636364,39.0,51.0,66.0,66.36363636363636,33.63636363636363,33.27272727272727,13.818181818181818,11.272727272727273
20200228,10,Guangdong,39.0,0.611904761904762,0.5557142857142857,18.285714285714285,15.523809523809524,68.23809523809524,99.80952380952381,65.42857142857143,75.66666666666667,38.666666666666664,33.04761904761905,23.095238095238095,20.476190476190474,7.666666666666667,6.809523809523809
20200228,10,Guangxi,49.0,0.6346153846153846,0.6576923076923076,17.153846153846153,17.76923076923077,49.23076923076923,102.6923076923077,43.76923076923077,50.53846153846154,49.30769230769231,53.0,30.615384615384617,34.23076923076923,8.923076923076923,8.615384615384615
20200228,10,Guizhou,39.4,0.6140000000000001,0.638,16.6,12.4,62.2,107.8,65.4,73.2,35.0,60.2,25.8,45.4,9.8,10.4
20200228,10,Hainan,24.0,0.425,0.4,7.0,4.5,57.5,70.5,60.0,66.0,23.5,22.0,10.5,10.0,4.0,4.0
20200228,10,Hebei,91.0,1.21,0.8127272727272726,32.81818181818182,28.727272727272727,26.90909090909091,72.63636363636364,22.363636363636363,37.0,89.36363636363636,56.81818181818182,67.72727272727273,40.0,12.181818181818182,10.818181818181818
20200228,10,Heilongjiang,66.33333333333333,0.8575,0.7050000000000001,21.833333333333332,18.416666666666668,62.833333333333336,94.5,56.166666666666664,71.08333333333333,67.83333333333333,44.916666666666664,47.666666666666664,35.583333333333336,18.0,15.833333333333334
20200228,10,Henan,67.05882352941177,0.8911764705882353,0.8305882352941177,20.0,22.41176470588235,32.76470588235294,57.8235294117647,31.41176470588235,36.94117647058823,51.0,48.76470588235294,48.705882352941174,46.0,4.764705882352941,4.9411764705882355
20200228,10,Hubei,20.727272727272727,0.9981818181818184,1.0,12.363636363636363,12.454545454545455,33.0,58.18181818181818,34.63636363636363,43.90909090909091,16.6,38.63636363636363,13.363636363636363,27.545454545454547,5.818181818181818,6.2727272727272725
20200228,10,Hunan,28.0,0.81,0.8361538461538461,14.846153846153847,14.923076923076923,25.0,42.30769230769231,25.46153846153846,28.692307692307693,26.846153846153847,39.07692307692308,18.153846153846153,28.615384615384617,6.230769230769231,4.923076923076923
20200228,10,Jiangsu,37.2,0.5509999999999999,0.49400000000000005,26.0,19.1,46.1,91.1,59.1,73.4,33.22222222222222,43.3,25.2,26.6,4.8,5.8
20200228,10,Jiangxi,68.6,0.958,0.773,23.6,17.4,23.7,75.9,28.0,41.6,73.4,63.5,47.5,42.8,13.1,10.3
20200228,10,Jilin,50.0,1.1300000000000001,0.845,25.25,22.125,55.5,84.375,49.5,55.625,54.0,41.125,32.0,26.25,26.25,16.875
20200228,10,Liaoning,52.857142857142854,0.8721428571428572,0.8578571428571429,24.428571428571427,27.071428571428573,56.92857142857143,93.14285714285714,51.214285714285715,57.142857142857146,50.42857142857143,50.142857142857146,33.142857142857146,32.5,19.642857142857142,20.571428571428573
20200228,10,Neimenggu,84.9090909090909,0.9163636363636365,0.859090909090909,21.818181818181817,20.90909090909091,50.63636363636363,93.0,48.36363636363637,57.27272727272727,105.18181818181819,86.63636363636364,57.36363636363637,52.81818181818182,32.18181818181818,25.363636363636363
20200228,10,Ningxia,66.6,0.9099999999999999,0.974,27.4,35.0,41.8,79.2,32.0,43.2,79.6,118.0,44.8,54.0,18.6,19.6
20200228,10,Qinghai,81.0,3.23,1.13,43.0,31.0,32.0,108.0,33.0,48.0,85.0,56.0,60.0,38.0,22.0,9.0
20200228,10,Shandong,52.4375,0.713125,0.6068749999999999,26.0,22.875,43.625,76.625,43.4375,50.75,38.07142857142857,39.8125,36.9375,29.375,5.9375,7.125
20200228,10,Shanghai,50.0,0.72,0.56,36.0,22.0,66.0,99.0,73.0,80.0,50.0,37.0,26.0,22.0,5.0,5.0
20200228,10,Shanxi,66.61904761904762,1.1704761904761904,1.075238095238095,26.571428571428573,28.095238095238095,27.61904761904762,49.714285714285715,21.666666666666668,26.333333333333332,63.578947368421055,44.95238095238095,47.95238095238095,36.904761904761905,15.285714285714286,11.666666666666666
20200228,10,Sichuan,29.166666666666668,0.8144444444444445,0.8805555555555556,25.72222222222222,22.88888888888889,29.22222222222222,69.77777777777777,31.77777777777778,43.44444444444444,27.944444444444443,61.5,17.61111111111111,47.94444444444444,6.944444444444445,7.055555555555555
20200228,10,Tianjin,73.0,0.72,0.63,28.0,39.0,31.0,83.0,23.0,33.0,55.0,35.0,53.0,35.0,8.0,14.0
20200228,10,Xinjiang,18.5,0.61,0.76,11.0,12.5,51.5,73.0,59.5,67.5,12.0,41.5,10.0,32.0,5.0,6.0
20200228,10,Xizang,19.0,0.53,0.52,9.0,7.0,60.0,97.0,64.0,78.0,18.0,13.0,9.0,6.0,6.0,6.0
20200228,10,Yunnan,57.0,0.97125,0.88375,22.375,13.375,60.0,128.5,68.125,82.125,53.125,60.25,40.875,47.0,7.75,7.625
20200228,10,Zhejiang,52.27272727272727,0.6745454545454546,0.5763636363636363,28.09090909090909,18.727272727272727,49.18181818181818,95.45454545454545,51.09090909090909,70.0909090909091,58.36363636363637,48.27272727272727,31.181818181818183,24.0,5.7272727272727275,4.909090909090909
20200228,11,Anhui,39.875,0.63625,0.604375,20.1875,19.75,38.0625,79.4375,42.3125,54.5625,30.0,54.9375,28.0,39.5625,5.9375,6.375
20200228,11,Beijing,73.0,0.62,0.52,29.0,27.0,39.0,64.0,18.0,28.0,57.0,40.0,53.0,36.0,6.0,4.0
20200228,11,Chongqing,24.0,0.86,1.01,23.0,31.0,13.0,17.0,11.0,12.0,22.0,47.0,17.0,35.0,5.0,6.0
20200228,11,Fujian,36.25,0.5175,0.46249999999999997,15.375,14.25,71.25,101.125,56.0,69.375,36.375,32.0,22.0,20.625,6.625,5.5
20200228,11,Gansu,61.0,0.9208333333333334,0.7016666666666667,29.916666666666668,24.083333333333332,50.833333333333336,93.25,40.166666666666664,50.916666666666664,71.16666666666667,62.666666666666664,32.833333333333336,31.416666666666668,17.583333333333332,12.0
20200228,11,Guangdong,38.476190476190474,0.6023809523809524,0.5576190476190477,17.333333333333332,15.285714285714286,77.0952380952381,99.85714285714286,66.0,76.23809523809524,37.42857142857143,33.0,22.38095238095238,20.714285714285715,7.428571428571429,6.761904761904762
20200228,11,Guangxi,46.30769230769231,0.6146153846153846,0.6484615384615384,14.923076923076923,17.53846153846154,55.15384615384615,102.6923076923077,45.53846153846154,51.84615384615385,49.38461538461539,52.23076923076923,27.692307692307693,33.46153846153846,8.846153846153847,8.384615384615385
20200228,11,Guizhou,39.2,0.6699999999999999,0.6240000000000001,18.4,12.2,57.2,108.2,65.2,74.2,34.0,58.4,26.2,44.6,10.8,10.2
20200228,11,Hainan,26.5,0.435,0.4,6.0,4.5,65.0,70.5,60.5,66.0,26.5,22.5,11.5,10.0,3.5,4.0
20200228,11,Hebei,97.45454545454545,1.2618181818181817,0.8345454545454545,27.727272727272727,28.90909090909091,35.45454545454545,72.72727272727273,23.272727272727273,37.18181818181818,93.18181818181819,58.81818181818182,72.72727272727273,41.72727272727273,12.636363636363637,11.0
20200228,11,Heilongjiang,60.833333333333336,0.765,0.7125,18.75,18.416666666666668,68.16666666666667,94.41666666666667,57.166666666666664,71.5,59.25,45.166666666666664,42.583333333333336,35.916666666666664,17.083333333333332,15.916666666666666
20200228,11,Henan,67.52941176470588,0.9082352941176471,0.8405882352941179,20.176470588235293,22.058823529411764,37.0,57.411764705882355,32.294117647058826,38.05882352941177,42.23529411764706,48.11764705882353,49.11764705882353,45.705882352941174,4.647058823529412,4.647058823529412
20200228,11,Hubei,20.545454545454547,1.0336363636363637,1.0136363636363637,13.0,12.909090909090908,33.81818181818182,57.54545454545455,33.81818181818182,43.72727272727273,15.090909090909092,37.18181818181818,12.909090909090908,26.454545454545453,6.090909090909091,6.2727272727272725
20200228,11,Hunan,28.153846153846153,0.7976923076923078,0.8284615384615386,15.23076923076923,15.0,26.692307692307693,42.0,25.53846153846154,28.923076923076923,26.307692307692307,38.46153846153846,18.46153846153846,27.923076923076923,6.538461538461538,5.076923076923077
20200228,11,Jiangsu,38.6,0.5770000000000001,0.5090000000000001,28.9,19.4,42.4,91.4,56.4,73.8,30.0,43.1,26.3,26.7,4.8,5.7
20200228,11,Jiangxi,66.5,0.9279999999999999,0.79,22.2,17.8,29.9,75.8,27.3,41.5,70.1,64.4,46.4,43.2,12.9,10.8
20200228,11,Jilin,53.0,1.0225000000000002,0.8525,22.0,22.0,63.625,84.625,51.625,56.375,53.125,40.375,33.5,25.75,22.375,17.0
20200228,11,Liaoning,54.714285714285715,0.8592857142857142,0.8564285714285714,23.142857142857142,27.0,60.285714285714285,92.64285714285714,52.857142857142854,58.57142857142857,52.142857142857146,49.57142857142857,34.714285714285715,32.357142857142854,18.285714285714285,20.285714285714285
20200228,11,Neimenggu,78.18181818181819,0.8163636363636364,0.8563636363636363,18.363636363636363,20.545454545454547,57.81818181818182,93.0909090909091,48.90909090909091,57.45454545454545,91.45454545454545,86.81818181818181,52.54545454545455,53.27272727272727,27.818181818181817,25.0
20200228,11,Ningxia,63.2,0.9039999999999999,0.974,25.4,34.6,54.2,79.4,34.4,44.2,72.6,115.6,42.4,52.8,19.0,19.4
20200228,11,Qinghai,86.0,3.27,1.23,41.0,32.0,55.0,108.0,34.0,48.0,89.0,58.0,64.0,39.0,39.0,10.0
20200228,11,Shandong,55.75,0.6937499999999999,0.610625,24.0,22.875,48.25,76.5625,44.0,51.4375,41.75,39.9375,39.9375,30.0,6.3125,7.0
20200228,11,Shanghai,50.0,0.74,0.57,38.0,22.0,65.0,99.0,72.0,80.0,50.0,37.0,29.0,22.0,6.0,5.0
20200228,11,Shanxi,69.57142857142857,1.1466666666666665,1.0819047619047617,24.0,28.095238095238095,34.666666666666664,50.095238095238095,23.666666666666668,27.714285714285715,60.57142857142857,45.714285714285715,49.476190476190474,37.476190476190474,15.238095238095237,11.952380952380953
20200228,11,Sichuan,27.833333333333332,0.7772222222222224,0.8711111111111113,22.166666666666668,22.944444444444443,39.5,70.11111111111111,31.72222222222222,43.5,26.333333333333332,59.333333333333336,17.11111111111111,45.94444444444444,7.944444444444445,7.222222222222222
20200228,11,Tianjin,80.0,0.84,0.64,24.0,38.0,34.0,84.0,24.0,34.0,49.0,36.0,59.0,36.0,6.0,14.0
20200228,11,Xinjiang,19.5,0.56,0.75,8.5,12.5,57.5,73.0,58.5,67.5,14.0,40.5,9.0,30.5,5.0,6.0
20200228,11,Xizang,20.0,0.53,0.52,6.0,6.0,65.0,97.0,63.0,78.0,20.0,13.0,12.0,7.0,6.0,6.0
20200228,11,Yunnan,58.125,0.9750000000000001,0.8687500000000001,21.25,13.5,68.25,125.625,67.0,82.75,53.0,58.875,41.0,46.375,7.875,7.375
20200228,11,Zhejiang,53.0,0.6799999999999999,0.5736363636363637,27.181818181818183,19.09090909090909,52.72727272727273,95.0909090909091,50.36363636363637,70.0,58.27272727272727,48.54545454545455,32.72727272727273,24.181818181818183,6.363636363636363,5.0
20200228,12,Anhui,40.125,0.6431250000000001,0.605,19.375,19.875,38.1875,79.4375,41.0625,54.625,29.75,53.625,28.4375,39.3125,5.6875,6.4375
20200228,12,Beijing,80.0,0.6,0.55,23.0,28.0,55.0,64.0,23.0,28.0,54.0,41.0,59.0,37.0,6.0,4.0
20200228,12,Chongqing,23.0,0.83,1.01,21.0,30.0,16.0,19.0,12.0,13.0,20.0,45.0,16.0,34.0,5.0,6.0
20200228,12,Fujian,33.25,0.54625,0.45874999999999994,13.25,14.25,85.875,101.25,58.875,69.875,32.625,31.875,19.875,20.625,6.625,5.5
20200228,12,Gansu,59.916666666666664,0.7725,0.7000000000000001,24.916666666666668,24.333333333333332,63.166666666666664,92.33333333333333,41.416666666666664,51.25,70.0,61.916666666666664,31.916666666666668,30.833333333333332,18.583333333333332,12.416666666666666
20200228,12,Guangdong,37.61904761904762,0.5757142857142858,0.5552380952380953,15.428571428571429,15.428571428571429,86.38095238095238,102.19047619047619,68.19047619047619,77.33333333333333,37.04761904761905,33.19047619047619,21.095238095238095,20.80952380952381,6.904761904761905,6.761904761904762
20200228,12,Guangxi,41.0,0.5684615384615384,0.6484615384615384,12.307692307692308,17.307692307692307,64.46153846153847,102.92307692307692,48.38461538461539,53.53846153846154,42.53846153846154,51.15384615384615,24.76923076923077,32.61538461538461,8.615384615384615,8.384615384615385
20200228,12,Guizhou,40.2,0.718,0.632,19.8,12.0,57.2,108.4,64.2,74.6,34.4,56.6,27.2,43.0,10.6,10.4
20200228,12,Hainan,27.5,0.4,0.4,6.0,4.5,69.5,71.5,61.0,66.0,27.5,22.5,13.0,10.0,4.0,4.0
20200228,12,Hebei,93.27272727272727,1.3254545454545452,0.8600000000000001,26.545454545454547,29.09090909090909,43.09090909090909,72.45454545454545,25.363636363636363,37.54545454545455,92.36363636363636,61.09090909090909,69.45454545454545,43.36363636363637,13.0,10.818181818181818
20200228,12,Heilongjiang,55.166666666666664,0.7633333333333333,0.7158333333333334,16.75,18.583333333333332,72.83333333333333,94.83333333333333,58.166666666666664,71.91666666666667,53.833333333333336,45.75,37.916666666666664,36.416666666666664,16.25,16.0
20200228,12,Henan,65.70588235294117,0.923529411764706,0.835294117647059,19.764705882352942,22.294117647058822,43.0,58.35294117647059,33.529411764705884,38.23529411764706,42.35294117647059,46.94117647058823,47.76470588235294,45.705882352941174,5.411764705882353,4.529411764705882
20200228,12,Hubei,20.636363636363637,1.000909090909091,1.0154545454545454,12.545454545454545,12.818181818181818,37.45454545454545,56.63636363636363,34.0,43.45454545454545,15.363636363636363,34.81818181818182,13.545454545454545,25.181818181818183,11.0,6.363636363636363
20200228,12,Hunan,27.23076923076923,0.8184615384615385,0.8292307692307693,15.076923076923077,15.076923076923077,29.923076923076923,41.61538461538461,25.923076923076923,29.384615384615383,26.153846153846153,37.61538461538461,16.76923076923077,27.46153846153846,5.384615384615385,5.076923076923077
20200228,12,Jiangsu,40.1,0.563,0.502,28.4,20.1,43.7,91.6,52.8,73.8,32.0,42.8,27.6,27.2,4.9,5.6
20200228,12,Jiangxi,63.6,0.9109999999999999,0.8130000000000001,21.6,17.9,36.2,75.8,27.7,41.6,67.7,64.9,44.7,43.5,12.3,10.8
20200228,12,Jilin,48.375,0.90375,0.8525,17.0,21.75,69.375,85.375,53.75,57.375,52.625,40.5,29.5,25.375,15.125,17.125
20200228,12,Liaoning,61.42857142857143,0.8757142857142857,0.8621428571428572,22.928571428571427,27.071428571428573,62.357142857142854,92.57142857142857,54.285714285714285,59.785714285714285,56.285714285714285,49.714285714285715,39.142857142857146,32.92857142857143,16.642857142857142,20.285714285714285
20200228,12,Neimenggu,75.18181818181819,0.7527272727272727,0.8536363636363639,17.181818181818183,20.636363636363637,65.81818181818181,93.0909090909091,50.45454545454545,58.18181818181818,86.54545454545455,86.81818181818181,49.27272727272727,53.27272727272727,25.272727272727273,24.545454545454547
20200228,12,Ningxia,60.4,0.8479999999999999,0.974,21.4,34.8,69.2,82.2,38.8,46.2,71.2,112.6,39.2,52.2,21.0,19.4
20200228,12,Qinghai,80.0,2.2,1.3,35.0,32.0,76.0,108.0,38.0,50.0,81.0,59.0,59.0,41.0,32.0,11.0
20200228,12,Shandong,55.6875,0.6681249999999999,0.606875,21.1875,23.0,56.0,76.875,45.625,52.5,42.0625,39.9375,40.0,30.8125,7.125,6.75
20200228,12,Shanghai,51.0,0.73,0.58,40.0,23.0,63.0,99.0,70.0,80.0,52.0,38.0,32.0,23.0,6.0,5.0
20200228,12,Shanxi,68.61904761904762,1.0995238095238093,1.0828571428571427,22.476190476190474,28.19047619047619,43.38095238095238,52.42857142857143,26.476190476190474,29.80952380952381,61.285714285714285,46.333333333333336,48.57142857142857,38.0,13.333333333333334,12.095238095238095
20200228,12,Sichuan,27.61111111111111,0.7499999999999999,0.8572222222222224,17.88888888888889,22.38888888888889,54.05555555555556,74.22222222222223,34.0,44.388888888888886,25.666666666666668,56.666666666666664,16.166666666666668,43.72222222222222,8.0,7.166666666666667
20200228,12,Tianjin,83.0,0.85,0.66,22.0,38.0,33.0,82.0,26.0,34.0,53.0,38.0,61.0,38.0,5.0,14.0
20200228,12,Xinjiang,18.5,0.55,0.745,8.5,12.0,59.0,73.0,58.0,67.5,12.0,39.5,9.0,30.0,5.0,6.0
20200228,12,Xizang,23.0,0.52,0.52,5.0,6.0,73.0,97.0,64.0,78.0,18.0,14.0,8.0,7.0,6.0,6.0
20200228,12,Yunnan,60.625,0.90625,0.8562500000000001,16.625,13.0,82.25,129.25,68.5,82.875,51.0,58.375,42.375,45.625,7.5,7.25
20200228,12,Zhejiang,53.90909090909091,0.6654545454545454,0.5754545454545456,24.545454545454547,19.454545454545453,59.0,95.0909090909091,50.72727272727273,70.45454545454545,58.36363636363637,49.09090909090909,33.90909090909091,24.545454545454547,6.363636363636363,5.0
20200228,13,Anhui,38.4375,0.6412500000000001,0.608125,18.1875,20.125,40.1875,79.0,40.25,54.75,27.8125,52.375,26.875,38.6875,5.9375,6.25
20200228,13,Beijing,84.0,0.62,0.55,19.0,28.0,66.0,69.0,30.0,31.0,57.0,43.0,62.0,39.0,5.0,4.0
20200228,13,Chongqing,21.0,0.82,0.99,18.0,30.0,23.0,24.0,13.0,14.0,18.0,43.0,15.0,33.0,5.0,6.0
20200228,13,Fujian,33.125,0.56125,0.46625,13.375,14.125,94.625,103.5,62.625,71.25,32.125,31.75,19.125,20.375,6.5,5.625
20200228,13,Gansu,62.666666666666664,0.7733333333333334,0.7041666666666666,21.833333333333332,24.333333333333332,75.83333333333333,93.08333333333333,45.166666666666664,52.25,73.5,61.5,32.416666666666664,30.583333333333332,21.583333333333332,12.666666666666666
20200228,13,Guangdong,36.95238095238095,0.5595238095238095,0.5580952380952381,13.523809523809524,15.428571428571429,92.71428571428571,104.42857142857143,71.38095238095238,78.57142857142857,35.57142857142857,33.42857142857143,20.285714285714285,20.80952380952381,6.666666666666667,6.809523809523809
20200228,13,Guangxi,38.38461538461539,0.5192307692307693,0.6438461538461537,9.923076923076923,17.307692307692307,71.07692307692308,103.23076923076923,51.46153846153846,55.38461538461539,38.76923076923077,50.30769230769231,21.692307692307693,31.923076923076923,7.384615384615385,8.307692307692308
20200228,13,Guizhou,40.0,0.6439999999999999,0.626,17.6,12.8,60.2,108.4,63.6,75.0,34.8,55.4,27.0,42.2,11.0,10.4
20200228,13,Hainan,32.0,0.375,0.4,4.5,5.0,70.0,72.5,61.5,66.0,32.0,23.0,13.0,10.0,4.0,4.0
20200228,13,Hebei,96.45454545454545,1.41,0.8972727272727272,27.272727272727273,29.454545454545453,49.54545454545455,71.9090909090909,28.818181818181817,38.09090909090909,92.63636363636364,63.09090909090909,71.9090909090909,45.45454545454545,13.636363636363637,10.818181818181818
20200228,13,Heilongjiang,50.166666666666664,0.6416666666666667,0.7283333333333334,13.666666666666666,18.916666666666668,79.0,95.08333333333333,60.666666666666664,72.58333333333333,46.166666666666664,46.083333333333336,34.5,36.75,14.166666666666666,16.25
20200228,13,Henan,64.52941176470588,0.9241176470588237,0.8358823529411766,18.294117647058822,22.176470588235293,51.470588235294116,59.588235294117645,36.1764705882353,39.88235294117647,42.64705882352941,46.11764705882353,46.8235294117647,45.588235294117645,5.352941176470588,4.588235294117647
20200228,13,Hubei,22.818181818181817,1.0200000000000002,1.0172727272727273,12.909090909090908,12.818181818181818,38.81818181818182,56.54545454545455,34.63636363636363,43.45454545454545,17.09090909090909,33.63636363636363,14.181818181818182,24.454545454545453,5.818181818181818,6.363636363636363
20200228,13,Hunan,25.692307692307693,0.7699999999999998,0.8192307692307694,13.923076923076923,15.0,34.30769230769231,43.53846153846154,27.0,30.307692307692307,24.53846153846154,37.0,15.76923076923077,26.615384615384617,4.615384615384615,5.076923076923077
20200228,13,Jiangsu,41.0,0.5740000000000001,0.5069999999999999,24.5,20.4,47.0,91.7,50.4,73.8,33.6,42.2,28.2,27.2,4.7,5.6
20200228,13,Jiangxi,61.6,0.8730000000000002,0.819,20.3,18.1,44.4,76.2,29.2,41.8,66.7,65.3,43.5,43.7,11.3,10.8
20200228,13,Jilin,48.125,0.8614285714285714,0.8524999999999999,16.125,21.875,73.28571428571429,86.25,56.25,58.75,50.125,40.625,27.5,25.125,14.5,17.0
20200228,13,Liaoning,68.28571428571429,0.8564285714285712,0.8778571428571429,23.214285714285715,27.642857142857142,61.642857142857146,91.85714285714286,55.42857142857143,60.642857142857146,60.142857142857146,51.0,44.92857142857143,33.92857142857143,16.0,20.428571428571427
20200228,13,Neimenggu,70.63636363636364,0.6690909090909091,0.8536363636363639,16.363636363636363,20.818181818181817,75.27272727272727,93.63636363636364,53.90909090909091,59.63636363636363,82.36363636363636,86.72727272727273,44.0,52.81818181818182,22.545454545454547,24.636363636363637
20200228,13,Ningxia,62.8,0.8960000000000001,0.9800000000000001,20.2,34.6,81.0,85.2,45.0,49.6,70.8,110.2,40.0,51.0,24.8,19.2
20200228,13,Qinghai,56.0,1.23,1.3,26.0,31.0,94.0,108.0,45.0,53.0,58.0,59.0,40.0,41.0,22.0,12.0
20200228,13,Shandong,51.5625,0.6543749999999999,0.613125,19.0,23.3125,63.125,77.75,48.125,53.5625,39.25,40.0625,36.5,31.375,6.75,6.6875
20200228,13,Shanghai,52.0,0.75,0.59,41.0,24.0,58.0,99.0,68.0,80.0,53.0,39.0,36.0,23.0,6.0,5.0
20200228,13,Shanxi,67.42857142857143,1.0571428571428574,1.0852380952380953,21.476190476190474,28.19047619047619,51.19047619047619,56.476190476190474,30.095238095238095,32.61904761904762,59.904761904761905,47.38095238095238,47.285714285714285,38.57142857142857,12.666666666666666,12.19047619047619
20200228,13,Sichuan,28.11111111111111,0.758888888888889,0.8422222222222222,15.11111111111111,21.72222222222222,67.55555555555556,79.11111111111111,38.111111111111114,46.111111111111114,24.5,54.0,15.944444444444445,41.5,7.777777777777778,7.111111111111111
20200228,13,Tianjin,88.0,0.85,0.68,21.0,38.0,36.0,78.0,27.0,35.0,44.0,39.0,65.0,40.0,6.0,13.0
20200228,13,Xinjiang,18.5,0.605,0.735,10.5,12.0,58.0,73.0,57.5,67.5,12.0,38.0,9.0,28.5,5.5,6.0
20200228,13,Xizang,26.0,0.48,0.52,4.0,6.0,84.0,97.0,66.0,78.0,14.0,13.0,8.0,7.0,6.0,6.0
20200228,13,Yunnan,55.5,0.835,0.85,13.875,13.0,96.25,129.25,71.0,83.625,44.0,57.25,38.5,45.125,7.125,7.25
20200228,13,Zhejiang,51.81818181818182,0.6418181818181818,0.5790909090909091,22.818181818181817,19.727272727272727,64.0909090909091,95.0,52.27272727272727,70.72727272727273,54.90909090909091,49.18181818181818,32.09090909090909,24.90909090909091,5.909090909090909,5.090909090909091
20200228,14,Anhui,34.8125,0.6587500000000001,0.604375,18.1875,20.25,41.3125,78.0,39.9375,55.0,27.375,51.0625,24.125,38.0625,5.6875,6.25
20200228,14,Beijing,90.0,0.64,0.55,19.0,28.0,72.0,74.0,37.0,37.0,56.0,44.0,67.0,41.0,5.0,4.0
20200228,14,Chongqing,19.0,0.79,0.97,17.0,29.0,33.0,34.0,16.0,16.0,16.0,41.0,13.0,31.0,6.0,6.0
20200228,14,Fujian,36.375,0.51875,0.46875,12.875,14.125,102.625,110.0,68.75,74.25,34.125,31.75,19.875,20.625,6.25,5.75
20200228,14,Gansu,64.0,0.6166666666666667,0.7083333333333334,16.333333333333332,24.583333333333332,87.5,97.41666666666667,51.25,55.5,76.66666666666667,61.583333333333336,29.333333333333332,30.25,13.916666666666666,12.666666666666666
20200228,14,Guangdong,36.333333333333336,0.54,0.5580952380952381,12.380952380952381,15.380952380952381,97.76190476190476,106.61904761904762,75.47619047619048,80.71428571428571,34.04761904761905,33.476190476190474,18.80952380952381,20.714285714285715,6.476190476190476,6.761904761904762
20200228,14,Guangxi,38.53846153846154,0.49230769230769234,0.6323076923076923,8.692307692307692,17.076923076923077,75.0,103.0,55.0,58.15384615384615,37.76923076923077,49.38461538461539,21.153846153846153,31.46153846153846,7.461538461538462,8.23076923076923
20200228,14,Guizhou,40.6,0.674,0.626,16.2,12.8,64.6,108.4,63.6,75.4,36.4,54.4,28.2,41.6,11.2,10.6
20200228,14,Hainan,27.0,0.375,0.4,4.5,5.0,71.0,75.0,63.0,66.0,27.0,23.0,13.0,10.0,4.5,4.0
20200228,14,Hebei,95.27272727272727,1.3254545454545452,0.920909090909091,26.727272727272727,29.90909090909091,57.0,72.54545454545455,33.36363636363637,39.36363636363637,92.0,65.0909090909091,71.0909090909091,47.45454545454545,12.363636363636363,10.909090909090908
20200228,14,Heilongjiang,43.416666666666664,0.6041666666666666,0.7283333333333334,12.75,18.833333333333332,81.33333333333333,96.5,64.16666666666667,73.25,39.666666666666664,46.416666666666664,29.5,36.833333333333336,12.416666666666666,16.166666666666668
20200228,14,Henan,63.05882352941177,0.9470588235294118,0.8441176470588238,17.58823529411765,21.764705882352942,59.411764705882355,64.76470588235294,39.94117647058823,42.294117647058826,44.470588235294116,45.529411764705884,45.8235294117647,45.1764705882353,5.117647058823529,4.529411764705882
20200228,14,Hubei,22.0,1.0154545454545456,1.0172727272727273,14.181818181818182,12.818181818181818,40.54545454545455,56.45454545454545,35.18181818181818,43.63636363636363,15.363636363636363,32.27272727272727,12.727272727272727,23.363636363636363,9.545454545454545,6.454545454545454
20200228,14,Hunan,24.846153846153847,0.7446153846153847,0.8115384615384615,14.076923076923077,14.923076923076923,35.92307692307692,43.76923076923077,28.384615384615383,31.307692307692307,23.53846153846154,36.0,15.23076923076923,26.076923076923077,4.384615384615385,5.0
20200228,14,Jiangsu,39.1,0.596,0.517,24.2,20.7,48.6,91.7,48.6,73.8,32.0,41.8,26.6,27.4,4.9,5.5
20200228,14,Jiangxi,61.1,0.8919999999999998,0.8299999999999998,18.9,18.5,52.4,78.5,32.1,42.5,64.4,65.5,42.4,43.9,10.7,10.8
20200228,14,Jilin,43.375,0.81625,0.875,15.125,22.125,76.625,90.5,59.875,61.5,45.714285714285715,41.375,25.857142857142858,25.5,10.285714285714286,17.0
20200228,14,Liaoning,68.92857142857143,0.8021428571428572,0.8878571428571428,22.071428571428573,27.928571428571427,63.642857142857146,91.07142857142857,57.0,61.857142857142854,60.714285714285715,52.0,46.642857142857146,35.07142857142857,18.642857142857142,20.642857142857142
20200228,14,Neimenggu,63.72727272727273,0.5936363636363636,0.8554545454545456,13.090909090909092,20.727272727272727,84.0,93.81818181818181,58.09090909090909,62.36363636363637,72.72727272727273,86.36363636363636,39.0,52.63636363636363,17.727272727272727,24.363636363636363
20200228,14,Ningxia,59.2,0.748,0.95,17.4,33.8,91.4,92.2,52.8,55.4,71.6,107.0,35.0,49.6,20.8,18.8
20200228,14,Qinghai,45.0,1.43,1.33,25.0,31.0,103.0,109.0,54.0,60.0,45.0,59.0,27.0,41.0,17.0,12.0
20200228,14,Shandong,52.1875,0.64625,0.616875,18.0,22.9375,68.375,78.6875,51.25,55.3125,40.0,40.0625,36.25,32.125,7.25,6.625
20200228,14,Shanghai,56.0,0.74,0.59,39.0,25.0,55.0,98.0,65.0,80.0,55.0,40.0,40.0,24.0,5.0,5.0
20200228,14,Shanxi,67.42857142857143,1.016190476190476,1.087142857142857,20.904761904761905,28.238095238095237,58.57142857142857,62.904761904761905,34.857142857142854,36.476190476190474,61.04761904761905,48.142857142857146,46.04761904761905,39.095238095238095,11.761904761904763,12.19047619047619
20200228,14,Sichuan,27.88888888888889,0.6561111111111111,0.8327777777777778,13.277777777777779,21.11111111111111,79.5,84.94444444444444,43.55555555555556,49.05555555555556,21.77777777777778,51.22222222222222,14.333333333333334,39.22222222222222,6.944444444444445,7.055555555555555
20200228,14,Tianjin,86.0,0.81,0.71,20.0,38.0,46.0,76.0,31.0,36.0,44.0,40.0,64.0,41.0,6.0,14.0
20200228,14,Xinjiang,21.0,0.595,0.715,10.0,11.5,62.0,73.0,58.0,67.5,10.5,37.0,11.5,27.5,5.5,6.0
20200228,14,Xizang,27.0,0.47,0.5,4.0,6.0,87.0,97.0,69.0,78.0,12.0,13.0,5.0,6.0,6.0,6.0
20200228,14,Yunnan,53.5,0.79,0.86,11.0,13.125,102.75,127.875,75.125,85.875,40.0,56.25,35.875,44.75,7.0,7.25
20200228,14,Zhejiang,50.09090909090909,0.6463636363636364,0.5790909090909091,23.0,20.181818181818183,65.81818181818181,95.63636363636364,53.72727272727273,71.0,52.90909090909091,49.27272727272727,31.363636363636363,25.272727272727273,5.363636363636363,5.090909090909091
20200228,15,Anhui,30.25,0.6581250000000001,0.6068749999999999,18.25,20.375,45.0,67.75,41.875,55.5625,23.2,50.0,21.066666666666666,37.75,6.6875,6.125
20200228,15,Beijing,94.0,0.65,0.55,21.0,28.0,75.0,74.0,44.0,44.0,64.0,46.0,70.0,42.0,5.0,4.0
20200228,15,Chongqing,17.0,0.79,0.97,16.0,28.0,48.0,45.0,20.0,20.0,16.0,39.0,12.0,30.0,6.0,6.0
20200228,15,Fujian,34.75,0.50375,0.46875,10.0,14.125,110.57142857142857,102.375,76.125,76.5,36.285714285714285,32.0,20.571428571428573,20.875,5.5,5.625
20200228,15,Gansu,53.0,0.5166666666666666,0.7025,14.0,24.416666666666668,85.83333333333333,94.0,57.333333333333336,59.5,59.0,61.5,23.583333333333332,30.166666666666668,10.666666666666666,12.416666666666666
20200228,15,Guangdong,35.23809523809524,0.5247619047619049,0.5580952380952381,12.19047619047619,15.285714285714286,101.57142857142857,108.85714285714286,80.71428571428571,84.0952380952381,31.38095238095238,33.666666666666664,18.523809523809526,20.952380952380953,6.190476190476191,6.666666666666667
20200228,15,Guangxi,35.30769230769231,0.47384615384615386,0.6246153846153846,9.076923076923077,17.23076923076923,75.3076923076923,96.0,59.23076923076923,60.61538461538461,33.15384615384615,48.84615384615385,21.923076923076923,31.153846153846153,7.0,8.076923076923077
20200228,15,Guizhou,42.2,0.6275000000000001,0.6380000000000001,15.6,13.0,65.6,104.4,61.8,76.0,38.0,53.6,27.2,41.2,10.8,10.8
20200228,15,Hainan,29.0,0.4,0.4,3.5,4.5,75.0,78.5,65.0,67.0,29.0,23.5,13.0,10.5,4.0,3.5
20200228,15,Hebei,97.81818181818181,1.230909090909091,0.9481818181818181,25.545454545454547,30.09090909090909,61.81818181818182,73.81818181818181,39.27272727272727,42.54545454545455,92.54545454545455,66.81818181818181,73.0,49.0,10.363636363636363,10.909090909090908
20200228,15,Heilongjiang,41.75,0.6074999999999999,0.7324999999999999,13.0,18.75,81.08333333333333,92.83333333333333,68.41666666666667,73.5,37.083333333333336,46.916666666666664,28.166666666666668,37.25,10.083333333333334,16.0
20200228,15,Henan,62.529411764705884,0.9370588235294117,0.8535294117647061,17.352941176470587,21.529411764705884,65.94117647058823,65.3529411764706,44.1764705882353,44.294117647058826,43.705882352941174,44.529411764705884,45.35294117647059,44.705882352941174,5.0588235294117645,4.588235294117647
20200228,15,Hubei,21.0,0.9936363636363634,1.0154545454545454,13.545454545454545,12.818181818181818,41.81818181818182,50.72727272727273,36.18181818181818,43.36363636363637,13.181818181818182,30.90909090909091,11.818181818181818,22.454545454545453,6.0,6.363636363636363
20200228,15,Hunan,24.153846153846153,0.7576923076923077,0.8061538461538463,14.692307692307692,15.0,36.0,39.38461538461539,29.307692307692307,31.307692307692307,21.846153846153847,35.30769230769231,15.384615384615385,25.46153846153846,3.923076923076923,5.0
20200228,15,Jiangsu,35.9,0.616,0.528,23.3,21.0,50.9,90.3,47.7,73.8,29.2,41.1,24.0,27.4,4.8,5.4
20200228,15,Jiangxi,60.1,0.882,0.841,18.7,18.7,58.8,74.4,36.3,44.8,63.1,65.8,41.3,44.0,10.5,10.8
20200228,15,Jilin,43.25,0.7412500000000001,0.895,13.875,22.375,75.75,85.125,63.625,64.125,40.57142857142857,42.0,27.571428571428573,25.875,9.428571428571429,17.0
20200228,15,Liaoning,70.57142857142857,0.7999999999999998,0.8921428571428572,22.642857142857142,28.071428571428573,63.92857142857143,86.57142857142857,59.214285714285715,62.642857142857146,62.0,52.642857142857146,49.92857142857143,36.07142857142857,15.285714285714286,20.571428571428573
20200228,15,Neimenggu,58.0,0.5609090909090908,0.8518181818181819,12.363636363636363,20.636363636363637,87.63636363636364,92.0909090909091,63.36363636363637,66.36363636363636,65.72727272727273,86.0,34.27272727272727,52.09090909090909,14.818181818181818,24.272727272727273
20200228,15,Ningxia,55.8,0.626,0.9099999999999999,14.8,33.2,98.6,94.8,61.8,61.6,65.2,102.8,29.8,47.6,15.8,18.2
20200228,15,Qinghai,41.0,1.35,1.4,25.0,31.0,100.0,96.0,59.0,65.0,41.0,59.0,24.0,41.0,18.0,12.0
20200228,15,Shandong,49.6875,0.619375,0.621875,18.125,23.0625,70.1875,79.5,54.375,57.375,39.0625,40.125,35.3125,32.5625,6.75,6.625
20200228,15,Shanghai,63.0,0.79,0.61,41.0,26.0,50.0,97.0,63.0,80.0,55.0,41.0,45.0,25.0,6.0,5.0
20200228,15,Shanxi,66.66666666666667,0.9833333333333334,1.0899999999999996,21.61904761904762,28.238095238095237,65.66666666666667,64.0952380952381,40.714285714285715,40.42857142857143,60.904761904761905,49.095238095238095,45.142857142857146,39.714285714285715,12.19047619047619,12.428571428571429
20200228,15,Sichuan,29.61111111111111,0.6522222222222224,0.8233333333333333,13.5,20.77777777777778,88.61111111111111,79.33333333333333,51.666666666666664,49.55555555555556,21.5,48.94444444444444,14.0,37.05555555555556,7.352941176470588,7.0
20200228,15,Tianjin,90.0,0.86,0.73,20.0,38.0,54.0,69.0,36.0,39.0,49.0,41.0,67.0,43.0,7.0,13.0
20200228,15,Xinjiang,21.0,0.605,0.6900000000000001,9.5,11.0,65.5,74.0,58.0,67.5,12.5,34.5,11.0,26.0,6.0,5.5
20200228,15,Xizang,27.0,0.45,0.5,4.0,6.0,87.0,94.0,72.0,78.0,10.0,13.0,4.0,6.0,5.0,6.0
20200228,15,Yunnan,48.875,0.7375,0.85375,10.0,13.25,103.375,121.75,79.0,87.625,33.625,55.25,30.625,44.75,6.75,7.25
20200228,15,Zhejiang,50.18181818181818,0.6627272727272727,0.5818181818181818,23.454545454545453,20.545454545454547,67.18181818181819,95.54545454545455,56.0,71.18181818181819,53.81818181818182,49.81818181818182,31.818181818181817,25.818181818181817,5.636363636363637,5.090909090909091
20200228,16,Anhui,31.5,0.64,0.609375,19.4375,20.375,45.0,75.125,40.4375,55.75,24.5,48.1875,20.75,37.0,6.6875,6.1875
20200228,16,Beijing,100.0,0.69,0.57,22.0,29.0,78.0,79.0,53.0,53.0,60.0,47.0,75.0,44.0,5.0,4.0
20200228,16,Chongqing,21.0,0.81,0.97,17.0,27.0,53.0,54.0,26.0,26.0,21.0,37.0,13.0,28.0,6.0,6.0
20200228,16,Fujian,37.25,0.5237499999999999,0.46625,11.375,14.0,108.75,112.5,83.75,84.125,34.5,31.875,19.25,21.0,5.875,5.75
20200228,16,Gansu,52.5,0.4958333333333333,0.7025,12.166666666666666,24.416666666666668,87.58333333333333,99.41666666666667,64.33333333333333,66.33333333333333,60.25,61.666666666666664,22.166666666666668,30.0,10.083333333333334,12.25
20200228,16,Guangdong,35.42857142857143,0.5166666666666667,0.5571428571428572,12.476190476190476,15.428571428571429,101.19047619047619,109.61904761904762,86.14285714285714,88.57142857142857,31.571428571428573,33.80952380952381,18.095238095238095,20.904761904761905,6.238095238095238,6.666666666666667
20200228,16,Guangxi,36.76923076923077,0.5076923076923076,0.6246153846153846,10.615384615384615,17.23076923076923,75.3076923076923,98.38461538461539,62.84615384615385,64.6923076923077,35.69230769230769,48.53846153846154,22.0,31.0,7.0,8.076923076923077
20200228,16,Guizhou,41.6,0.652,0.6340000000000001,15.6,13.2,69.4,106.0,62.8,75.6,36.8,52.4,28.4,40.4,12.6,10.8
20200228,16,Hainan,40.0,0.41500000000000004,0.4,4.0,4.5,72.5,79.0,66.5,68.5,43.0,25.0,14.0,11.0,3.5,3.5
20200228,16,Hebei,98.72727272727273,1.2336363636363636,0.9681818181818183,27.0,30.363636363636363,62.54545454545455,74.36363636363636,44.81818181818182,47.27272727272727,97.18181818181819,69.0,73.63636363636364,51.09090909090909,10.363636363636363,11.090909090909092
20200228,16,Heilongjiang,38.333333333333336,0.5841666666666666,0.7358333333333333,14.666666666666666,18.916666666666668,79.83333333333333,95.66666666666667,72.16666666666667,77.58333333333333,35.75,47.333333333333336,26.166666666666668,37.416666666666664,10.583333333333334,16.0
20200228,16,Henan,62.588235294117645,0.9364705882352942,0.8594117647058824,17.764705882352942,21.58823529411765,68.58823529411765,71.17647058823529,48.64705882352941,49.35294117647059,46.8235294117647,43.705882352941174,45.411764705882355,44.411764705882355,5.647058823529412,4.588235294117647
20200228,16,Hubei,20.727272727272727,0.9672727272727275,1.0145454545454546,13.0,12.818181818181818,43.27272727272727,55.72727272727273,37.45454545454545,44.81818181818182,14.181818181818182,29.545454545454547,11.545454545454545,21.636363636363637,5.363636363636363,6.181818181818182
20200228,16,Hunan,22.846153846153847,0.7738461538461539,0.8000000000000002,14.846153846153847,15.0,34.84615384615385,43.07692307692308,30.53846153846154,33.61538461538461,21.23076923076923,34.23076923076923,13.923076923076923,24.53846153846154,4.153846153846154,5.0
20200228,16,Jiangsu,35.5,0.6150000000000001,0.53,23.1,21.3,52.5,87.9,47.6,73.8,27.3,40.3,23.3,27.5,4.9,5.3
20200228,16,Jiangxi,60.1,0.8879999999999999,0.8379999999999999,18.5,19.0,62.9,81.0,40.9,48.0,62.1,66.1,41.1,44.1,9.2,10.8
20200228,16,Jilin,53.0,0.83,0.9112499999999999,15.125,22.625,75.25,89.375,66.75,68.75,50.25,42.875,33.0,26.625,8.125,16.875
20200228,16,Liaoning,74.64285714285714,0.8150000000000001,0.8950000000000001,24.071428571428573,28.357142857142858,62.0,85.35714285714286,60.07142857142857,64.57142857142857,64.28571428571429,53.5,54.57142857142857,37.285714285714285,17.857142857142858,20.428571428571427
20200228,16,Neimenggu,55.18181818181818,0.5118181818181818,0.8472727272727275,11.454545454545455,20.363636363636363,90.9090909090909,95.36363636363636,69.36363636363636,71.72727272727273,61.09090909090909,85.18181818181819,30.454545454545453,51.27272727272727,13.909090909090908,24.181818181818183
20200228,16,Ningxia,54.2,0.55,0.884,14.2,33.4,102.6,103.2,70.8,70.8,62.4,100.4,26.4,46.8,12.6,18.0
20200228,16,Qinghai,43.0,1.07,1.4,24.0,31.0,108.0,113.0,73.0,73.0,43.0,59.0,23.0,41.0,16.0,13.0
20200228,16,Shandong,51.3125,0.605625,0.6231249999999999,18.9375,22.6875,70.5625,80.0625,58.375,60.9375,38.875,40.0625,36.0,33.1875,7.0,6.375
20200228,16,Shanghai,66.0,0.82,0.61,49.0,27.0,40.0,96.0,58.0,80.0,58.0,41.0,48.0,26.0,5.0,5.0
20200228,16,Shanxi,68.0952380952381,0.9880952380952381,1.0961904761904762,22.238095238095237,28.238095238095237,70.14285714285714,71.61904761904762,46.333333333333336,46.61904761904762,62.333333333333336,50.38095238095238,45.0,40.23809523809524,11.714285714285714,12.714285714285714
20200228,16,Sichuan,30.38888888888889,0.6127777777777778,0.8127777777777777,13.38888888888889,20.166666666666668,93.66666666666667,95.27777777777777,58.44444444444444,60.0,20.27777777777778,46.333333333333336,13.444444444444445,34.94444444444444,6.444444444444445,6.888888888888889
20200228,16,Tianjin,94.0,0.89,0.74,21.0,37.0,54.0,62.0,40.0,43.0,52.0,42.0,70.0,45.0,7.0,13.0
20200228,16,Xinjiang,23.5,0.595,0.665,9.0,11.0,67.5,74.0,59.5,67.5,13.5,32.5,12.0,24.0,6.5,5.5
20200228,16,Xizang,28.0,0.4,0.52,4.0,6.0,91.0,94.0,75.0,79.0,10.0,13.0,5.0,6.0,6.0,6.0
20200228,16,Yunnan,40.5,0.67125,0.85375,7.875,13.125,105.75,125.25,83.75,90.25,30.375,54.375,23.625,44.125,7.25,7.25
20200228,16,Zhejiang,50.72727272727273,0.6763636363636363,0.5918181818181819,24.181818181818183,20.90909090909091,67.54545454545455,93.81818181818181,59.0,71.9090909090909,54.0,50.27272727272727,33.18181818181818,26.181818181818183,5.545454545454546,5.2727272727272725
20200228,17,Anhui,33.125,0.6575,0.613125,19.8125,20.5,42.875,73.0,40.75,56.3125,25.25,46.6875,22.3125,36.3125,6.6875,6.125
20200228,17,Beijing,111.0,0.72,0.58,22.0,29.0,80.0,81.0,61.0,61.0,69.0,48.0,84.0,46.0,4.0,4.0
20200228,17,Chongqing,23.0,0.82,0.98,17.0,26.0,61.0,63.0,33.0,33.0,23.0,36.0,15.0,27.0,5.0,5.0
20200228,17,Fujian,39.5,0.5375,0.47000000000000003,12.5,14.125,107.625,113.125,91.75,91.75,37.0,31.75,20.625,20.75,6.0,5.625
20200228,17,Gansu,51.583333333333336,0.45166666666666666,0.6833333333333335,12.5,24.166666666666668,89.5,99.33333333333333,72.0,73.33333333333333,61.166666666666664,62.083333333333336,19.583333333333332,29.75,9.75,12.083333333333334
20200228,17,Guangdong,36.04761904761905,0.5247619047619048,0.5604761904761906,14.095238095238095,15.428571428571429,103.28571428571429,110.95238095238095,91.38095238095238,93.14285714285714,31.857142857142858,33.714285714285715,18.666666666666668,20.761904761904763,6.428571428571429,6.619047619047619
20200228,17,Guangxi,39.69230769230769,0.5276923076923077,0.6215384615384614,12.76923076923077,17.23076923076923,73.23076923076923,93.61538461538461,67.15384615384616,68.53846153846153,39.61538461538461,48.53846153846154,22.46153846153846,30.76923076923077,7.230769230769231,8.0
20200228,17,Guizhou,42.2,0.6779999999999999,0.6260000000000001,16.4,12.8,67.0,104.4,63.0,75.4,36.8,51.8,29.2,39.4,11.0,10.8
20200228,17,Hainan,32.5,0.41500000000000004,0.385,4.5,4.5,73.0,79.0,68.5,70.5,32.5,25.5,12.5,11.0,4.0,4.0
20200228,17,Hebei,104.63636363636364,1.211818181818182,0.990909090909091,27.727272727272727,30.636363636363637,61.18181818181818,73.54545454545455,49.81818181818182,51.81818181818182,101.72727272727273,71.0909090909091,78.18181818181819,53.09090909090909,9.0,11.090909090909092
20200228,17,Heilongjiang,39.583333333333336,0.6166666666666666,0.7366666666666667,16.5,19.0,77.66666666666667,93.75,75.0,79.75,37.25,47.833333333333336,26.416666666666668,37.583333333333336,10.833333333333334,15.916666666666666
20200228,17,Henan,64.6470588235294,0.9400000000000001,0.8658823529411765,18.705882352941178,21.294117647058822,67.52941176470588,70.17647058823529,53.11764705882353,53.588235294117645,48.88235294117647,43.294117647058826,46.94117647058823,44.35294117647059,5.117647058823529,4.588235294117647
20200228,17,Hubei,19.90909090909091,1.002727272727273,1.011818181818182,13.363636363636363,12.909090909090908,42.63636363636363,55.27272727272727,39.0,45.45454545454545,12.636363636363637,27.90909090909091,11.636363636363637,20.545454545454547,5.545454545454546,6.181818181818182
20200228,17,Hunan,22.46153846153846,0.7415384615384615,0.7953846153846155,15.538461538461538,14.846153846153847,34.53846153846154,42.76923076923077,32.0,34.69230769230769,20.615384615384617,33.30769230769231,13.461538461538462,24.076923076923077,4.153846153846154,5.0
20200228,17,Jiangsu,35.3,0.6020000000000001,0.544,23.6,21.6,52.2,84.4,48.1,73.8,27.6,39.5,23.4,27.1,4.7,5.3
20200228,17,Jiangxi,60.6,0.7859999999999999,0.842,18.5,19.0,61.1,78.3,45.9,52.3,61.1,66.2,41.7,44.5,7.8,10.6
20200228,17,Jilin,55.75,0.8212499999999999,0.9125,16.0,23.0,71.375,86.75,69.625,72.0,53.625,44.25,36.125,27.5,8.125,16.75
20200228,17,Liaoning,75.21428571428571,0.8264285714285714,0.8950000000000001,25.928571428571427,28.571428571428573,58.42857142857143,80.14285714285714,60.785714285714285,65.64285714285714,64.35714285714286,54.285714285714285,55.357142857142854,38.285714285714285,14.071428571428571,20.285714285714285
20200228,17,Neimenggu,52.18181818181818,0.49545454545454537,0.8381818181818183,12.636363636363637,20.363636363636363,90.9090909090909,95.63636363636364,75.36363636363636,77.54545454545455,55.90909090909091,84.18181818181819,28.90909090909091,50.63636363636363,14.363636363636363,24.09090909090909
20200228,17,Ningxia,52.8,0.4960000000000001,0.8779999999999999,14.2,32.6,103.0,104.6,80.2,80.2,59.6,97.4,25.0,45.2,11.4,17.2
20200228,17,Qinghai,40.0,0.67,1.4,20.0,31.0,109.0,113.0,84.0,84.0,40.0,59.0,22.0,40.0,17.0,13.0
20200228,17,Shandong,52.0625,0.60125,0.6275,19.875,22.75,69.5,79.5625,61.5625,63.8125,39.375,40.0,36.9375,33.5625,6.1875,6.25
20200228,17,Shanghai,74.0,0.9,0.64,50.0,28.0,34.0,93.0,54.0,80.0,56.0,42.0,54.0,27.0,4.0,5.0
20200228,17,Shanxi,69.76190476190476,0.984761904761905,1.101904761904762,24.428571428571427,28.19047619047619,69.61904761904762,72.47619047619048,52.42857142857143,52.523809523809526,63.61904761904762,51.61904761904762,45.857142857142854,40.95238095238095,11.904761904761905,12.761904761904763
20200228,17,Sichuan,31.944444444444443,0.6105555555555557,0.7955555555555553,13.444444444444445,19.72222222222222,96.61111111111111,98.22222222222223,68.0,68.27777777777777,22.166666666666668,43.72222222222222,14.61111111111111,32.666666666666664,6.5,6.944444444444445
20200228,17,Tianjin,98.0,0.99,0.76,25.0,37.0,53.0,59.0,43.0,46.0,57.0,44.0,73.0,48.0,7.0,13.0
20200228,17,Xinjiang,23.0,0.595,0.665,8.0,11.0,68.0,74.5,61.5,68.0,13.5,30.5,11.0,23.0,7.0,5.5
20200228,17,Xizang,28.0,0.42,0.5,4.0,6.0,90.0,94.0,79.0,81.0,8.0,13.0,4.0,6.0,5.0,6.0
20200228,17,Yunnan,43.5,0.6337499999999999,0.8412499999999999,7.5,13.125,108.125,123.625,91.0,94.625,36.375,53.5,26.0,43.25,6.875,7.125
20200228,17,Zhejiang,52.81818181818182,0.700909090909091,0.5963636363636364,26.454545454545453,21.454545454545453,64.0909090909091,90.45454545454545,61.36363636363637,72.72727272727273,55.54545454545455,50.54545454545455,35.0,26.90909090909091,5.818181818181818,5.2727272727272725
20200228,18,Anhui,34.5,0.66,0.6162500000000001,21.6875,20.375,41.8125,70.5625,41.3125,56.875,27.5625,45.0,23.375,35.5,6.5,6.1875
20200228,18,Beijing,106.0,0.75,0.6,24.0,29.0,78.0,81.0,67.0,67.0,73.0,50.0,80.0,48.0,3.0,4.0
20200228,18,Chongqing,27.0,0.81,0.97,19.0,26.0,64.0,66.0,39.0,39.0,26.0,34.0,19.0,26.0,5.0,5.0
20200228,18,Fujian,40.625,0.57,0.48000000000000004,16.125,14.125,96.375,113.125,96.625,96.625,40.875,31.75,22.625,21.0,5.625,5.625
20200228,18,Gansu,43.5,0.45166666666666666,0.6833333333333335,14.833333333333334,24.083333333333332,87.33333333333333,99.0,78.5,79.33333333333333,46.833333333333336,61.25,18.083333333333332,29.5,10.916666666666666,12.166666666666666
20200228,18,Guangdong,38.095238095238095,0.5714285714285715,0.5604761904761906,17.61904761904762,15.523809523809524,102.0,110.80952380952381,95.38095238095238,96.76190476190476,37.857142857142854,33.857142857142854,21.761904761904763,21.047619047619047,6.714285714285714,6.666666666666667
20200228,18,Guangxi,41.30769230769231,0.5523076923076923,0.6176923076923077,13.846153846153847,17.307692307692307,70.23076923076923,87.84615384615384,69.61538461538461,71.07692307692308,41.0,48.30769230769231,23.846153846153847,30.692307692307693,7.538461538461538,8.0
20200228,18,Guizhou,44.6,0.68,0.614,18.4,13.2,63.6,99.8,63.2,75.6,38.8,51.0,31.4,38.8,11.2,10.8
20200228,18,Hainan,29.5,0.41500000000000004,0.385,5.5,4.5,73.5,80.0,71.0,73.0,29.5,25.5,12.0,11.0,4.0,4.0
20200228,18,Hebei,103.54545454545455,1.1509090909090909,1.0145454545454546,29.90909090909091,30.727272727272727,57.0,73.27272727272727,53.18181818181818,54.90909090909091,102.0,73.27272727272727,77.45454545454545,55.0,8.0,10.909090909090908
20200228,18,Heilongjiang,43.75,0.6266666666666668,0.7374999999999999,17.666666666666668,19.083333333333332,75.08333333333333,92.41666666666667,77.08333333333333,81.83333333333333,40.833333333333336,48.0,28.833333333333332,37.666666666666664,11.333333333333334,16.0
20200228,18,Henan,66.05882352941177,0.9611764705882353,0.8699999999999999,20.58823529411765,21.11764705882353,63.11764705882353,70.23529411764706,56.88235294117647,57.0,48.529411764705884,42.64705882352941,48.0,44.294117647058826,4.9411764705882355,4.588235294117647
20200228,18,Hubei,18.90909090909091,1.0081818181818183,1.0081818181818183,14.0,12.818181818181818,41.90909090909091,54.36363636363637,40.09090909090909,46.27272727272727,14.454545454545455,26.545454545454547,11.272727272727273,19.636363636363637,5.7272727272727275,6.181818181818182
20200228,18,Hunan,23.53846153846154,0.7607692307692309,0.7953846153846152,17.076923076923077,14.76923076923077,32.0,42.23076923076923,32.92307692307692,35.61538461538461,20.923076923076923,32.15384615384615,14.23076923076923,23.153846153846153,4.384615384615385,5.076923076923077
20200228,18,Jiangsu,36.0,0.5980000000000001,0.5469999999999999,24.3,21.6,51.7,81.7,48.6,73.8,28.6,38.5,23.8,26.6,4.7,5.3
20200228,18,Jiangxi,60.3,0.8480000000000001,0.8469999999999999,19.3,19.0,54.7,75.3,50.0,56.3,60.8,66.2,41.3,44.6,8.3,10.9
20200228,18,Jilin,56.0,0.87625,0.91375,19.125,22.75,66.75,85.25,71.625,74.25,48.5,45.25,38.5,28.625,8.75,16.75
20200228,18,Liaoning,81.85714285714286,0.9050000000000002,0.9107142857142858,30.714285714285715,28.5,51.285714285714285,76.07142857142857,60.142857142857146,66.0,66.78571428571429,55.07142857142857,60.5,39.857142857142854,14.714285714285714,20.071428571428573
20200228,18,Neimenggu,53.18181818181818,0.5163636363636364,0.8099999999999998,15.909090909090908,20.545454545454547,86.0909090909091,95.27272727272727,79.63636363636364,81.81818181818181,57.18181818181818,83.18181818181819,30.0,49.90909090909091,14.727272727272727,23.818181818181817
20200228,18,Ningxia,51.8,0.572,0.8779999999999999,18.0,32.0,99.2,104.8,87.0,87.0,57.0,95.0,23.4,44.0,12.6,17.0
20200228,18,Qinghai,34.0,0.6,1.4,22.0,31.0,106.0,113.0,94.0,94.0,34.0,58.0,18.0,40.0,17.0,13.0
20200228,18,Shandong,52.6875,0.6062500000000001,0.620625,21.375,22.6875,66.875,79.0625,64.1875,66.3125,40.375,39.75,37.5,33.875,5.4375,6.0625
20200228,18,Shanghai,75.0,1.0,0.66,55.0,30.0,28.0,91.0,49.0,80.0,48.0,43.0,55.0,29.0,4.0,5.0
20200228,18,Shanxi,72.66666666666667,1.008571428571429,1.1038095238095236,28.38095238095238,28.333333333333332,64.28571428571429,72.33333333333333,57.0,57.04761904761905,68.42857142857143,52.80952380952381,48.714285714285715,41.666666666666664,11.0,12.904761904761905
20200228,18,Sichuan,31.055555555555557,0.6183333333333333,0.7733333333333333,15.555555555555555,19.11111111111111,94.33333333333333,99.11111111111111,76.61111111111111,76.61111111111111,23.0,40.888888888888886,14.88888888888889,30.444444444444443,6.722222222222222,6.944444444444445
20200228,18,Tianjin,110.0,1.16,0.79,29.0,37.0,49.0,59.0,45.0,47.0,68.0,46.0,83.0,50.0,6.0,13.0
20200228,18,Xinjiang,25.5,0.615,0.645,8.5,10.5,68.0,74.0,63.0,68.5,19.5,29.0,14.5,21.5,7.0,5.5
20200228,18,Xizang,28.0,0.43,0.5,4.0,6.0,91.0,92.0,83.0,84.0,9.0,13.0,5.0,6.0,8.0,6.0
20200228,18,Yunnan,42.875,0.6725000000000001,0.835,9.125,13.0,105.875,118.25,97.5,99.0,37.125,52.875,25.5,42.5,6.875,7.25
20200228,18,Zhejiang,55.0,0.7463636363636362,0.6172727272727273,29.727272727272727,22.0,57.63636363636363,88.63636363636364,62.0,73.63636363636364,57.90909090909091,51.0,37.36363636363637,27.454545454545453,5.7272727272727275,5.2727272727272725
20200228,19,Anhui,38.0,0.681875,0.6200000000000001,22.6875,20.1875,39.4375,68.8125,41.3125,57.125,30.125,43.6875,25.875,35.0,6.125,6.0625
20200228,19,Beijing,111.0,0.76,0.59,27.0,29.0,71.0,82.0,72.0,72.0,77.0,51.0,84.0,50.0,3.0,4.0
20200228,19,Chongqing,36.0,0.83,0.92,26.0,25.0,49.0,66.0,43.0,43.0,36.0,33.0,21.0,25.0,5.0,5.0
20200228,19,Fujian,46.25,0.6537499999999999,0.49375,21.75,14.625,83.25,113.125,98.125,98.75,46.5,32.125,28.875,21.375,5.625,5.625
20200228,19,Gansu,48.083333333333336,0.5016666666666667,0.6749999999999999,20.5,24.083333333333332,79.5,98.33333333333333,82.25,82.83333333333333,55.0,61.25,20.75,29.166666666666668,13.0,12.166666666666666
20200228,19,Guangdong,41.38095238095238,0.6214285714285714,0.560952380952381,21.047619047619047,15.619047619047619,94.14285714285714,110.71428571428571,97.38095238095238,98.66666666666667,39.904761904761905,34.04761904761905,25.19047619047619,21.0,6.761904761904762,6.809523809523809
20200228,19,Guangxi,44.53846153846154,0.586923076923077,0.6146153846153846,17.692307692307693,17.384615384615383,66.23076923076923,83.61538461538461,71.23076923076923,72.6923076923077,43.53846153846154,48.15384615384615,27.53846153846154,30.615384615384617,7.538461538461538,7.923076923076923
20200228,19,Guizhou,49.8,0.696,0.624,18.6,13.8,60.8,93.6,63.6,76.0,43.8,49.8,35.0,38.4,12.2,10.6
20200228,19,Hainan,30.5,0.41500000000000004,0.385,6.0,4.5,70.0,80.0,71.5,73.5,30.5,26.5,12.0,11.5,3.5,4.0
20200228,19,Hebei,109.36363636363636,1.2263636363636363,1.0427272727272727,33.0,31.181818181818183,49.36363636363637,71.18181818181819,55.0,56.81818181818182,105.36363636363636,75.54545454545455,81.81818181818181,57.09090909090909,7.363636363636363,10.818181818181818
20200228,19,Heilongjiang,47.0,0.6483333333333333,0.7375000000000002,18.833333333333332,19.0,72.41666666666667,91.75,77.91666666666667,83.16666666666667,43.333333333333336,48.416666666666664,32.25,37.75,13.166666666666666,15.833333333333334
20200228,19,Henan,68.76470588235294,0.9441176470588236,0.8764705882352941,22.88235294117647,21.058823529411764,57.0,70.41176470588235,59.294117647058826,59.411764705882355,48.8235294117647,42.588235294117645,49.88235294117647,44.294117647058826,4.588235294117647,4.529411764705882
20200228,19,Hubei,20.363636363636363,1.0427272727272727,1.0036363636363637,14.454545454545455,12.727272727272727,39.81818181818182,53.0,40.81818181818182,46.72727272727273,15.181818181818182,25.09090909090909,12.272727272727273,18.818181818181817,6.090909090909091,6.2727272727272725
20200228,19,Hunan,23.846153846153847,0.7984615384615386,0.7953846153846152,17.846153846153847,14.76923076923077,30.076923076923077,42.15384615384615,33.30769230769231,36.07692307692308,22.53846153846154,31.23076923076923,14.923076923076923,22.307692307692307,4.846153846153846,5.076923076923077
20200228,19,Jiangsu,34.9,0.6020000000000001,0.548,25.2,21.7,49.6,80.5,49.6,73.8,28.5,37.4,23.4,26.5,4.8,5.3
20200228,19,Jiangxi,59.7,0.916,0.844,21.2,19.3,46.9,72.8,51.9,58.3,60.1,66.3,40.6,44.7,8.4,10.7
20200228,19,Jilin,57.625,0.8899999999999999,0.91375,17.625,22.0,66.125,85.25,71.75,75.5,47.75,45.875,39.625,29.375,8.5,16.625
20200228,19,Liaoning,92.28571428571429,0.9942857142857141,0.9107142857142857,34.5,28.214285714285715,44.07142857142857,74.21428571428571,57.92857142857143,66.07142857142857,71.5,55.5,68.64285714285714,40.714285714285715,14.0,19.857142857142858
20200228,19,Neimenggu,57.45454545454545,0.5981818181818181,0.7954545454545454,22.818181818181817,20.09090909090909,76.36363636363636,95.27272727272727,82.27272727272727,84.63636363636364,61.90909090909091,82.36363636363636,33.90909090909091,48.90909090909091,15.0,23.727272727272727
20200228,19,Ningxia,56.2,0.6900000000000001,0.8619999999999999,31.4,31.8,83.4,103.6,90.6,90.6,63.6,92.0,26.8,42.8,15.6,17.0
20200228,19,Qinghai,33.0,0.6,1.4,28.0,31.0,91.0,113.0,99.0,99.0,33.0,58.0,17.0,40.0,15.0,14.0
20200228,19,Shandong,55.625,0.609375,0.628125,22.4375,22.75,63.5625,78.75,65.75,67.875,44.0,39.75,39.375,34.4375,5.6875,6.0625
20200228,19,Shanghai,70.0,1.03,0.67,54.0,31.0,31.0,90.0,45.0,80.0,36.0,42.0,51.0,30.0,5.0,5.0
20200228,19,Shanxi,76.04761904761905,1.0623809523809524,1.0990476190476188,33.333333333333336,28.523809523809526,55.0,72.19047619047619,59.42857142857143,59.61904761904762,71.0952380952381,54.333333333333336,51.095238095238095,42.57142857142857,10.571428571428571,12.952380952380953
20200228,19,Sichuan,31.5,0.7277777777777779,0.77,24.22222222222222,18.944444444444443,80.94444444444444,98.94444444444444,81.83333333333333,81.94444444444444,27.666666666666668,38.27777777777778,18.055555555555557,28.22222222222222,6.777777777777778,6.888888888888889
20200228,19,Tianjin,115.0,1.11,0.8,30.0,36.0,48.0,59.0,47.0,49.0,68.0,47.0,87.0,53.0,5.0,12.0
20200228,19,Xinjiang,30.0,0.615,0.635,8.5,10.0,68.0,74.5,64.5,69.5,18.0,27.5,15.0,20.0,6.5,5.5
20200228,19,Xizang,28.0,0.45,0.5,5.0,6.0,90.0,92.0,86.0,86.0,7.0,13.0,4.0,6.0,5.0,6.0
20200228,19,Yunnan,46.875,0.7087500000000001,0.83125,11.25,13.125,99.0,114.5,100.875,101.75,42.125,51.875,28.125,41.625,7.875,7.25
20200228,19,Zhejiang,56.72727272727273,0.7827272727272728,0.6254545454545454,31.09090909090909,22.363636363636363,52.63636363636363,87.54545454545455,62.09090909090909,74.18181818181819,59.36363636363637,51.63636363636363,38.72727272727273,28.545454545454547,5.818181818181818,5.2727272727272725
20200228,20,Anhui,40.25,0.6781250000000001,0.619375,22.1875,20.125,38.875,67.625,41.375,57.375,29.75,41.9375,27.375,34.0,6.375,6.0625
20200228,20,Beijing,115.0,0.79,0.62,31.0,29.0,61.0,82.0,73.0,73.0,78.0,53.0,87.0,52.0,3.0,4.0
20200228,20,Chongqing,39.0,0.89,0.91,34.0,25.0,31.0,66.0,45.0,45.0,38.0,31.0,27.0,24.0,5.0,5.0
20200228,20,Fujian,49.875,0.6137499999999999,0.49749999999999994,24.75,15.25,71.5,113.125,96.0,99.25,49.625,33.125,30.25,21.625,5.875,5.875
20200228,20,Gansu,61.083333333333336,0.6858333333333334,0.6858333333333334,29.0,24.25,66.33333333333333,97.83333333333333,82.25,83.5,73.0,61.583333333333336,27.583333333333332,28.916666666666668,35.25,13.25
20200228,20,Guangdong,43.23809523809524,0.6209523809523809,0.5604761904761906,22.0,15.80952380952381,84.47619047619048,110.66666666666667,96.9047619047619,99.28571428571429,41.42857142857143,34.23809523809524,27.19047619047619,21.285714285714285,6.857142857142857,6.761904761904762
20200228,20,Guangxi,48.76923076923077,0.7838461538461539,0.6223076923076923,20.846153846153847,17.53846153846154,55.92307692307692,81.53846153846153,70.3076923076923,72.84615384615384,48.92307692307692,48.15384615384615,29.307692307692307,30.53846153846154,9.0,8.0
20200228,20,Guizhou,52.2,0.724,0.628,18.0,13.8,59.4,87.4,64.2,76.6,44.2,48.2,37.0,37.4,13.6,10.8
20200228,20,Hainan,29.0,0.44,0.385,6.0,5.0,64.5,80.0,71.0,74.0,29.0,26.5,11.0,11.5,4.0,4.0
20200228,20,Hebei,113.0,1.2963636363636366,1.0654545454545454,35.0,31.636363636363637,43.27272727272727,70.18181818181819,55.0,57.54545454545455,109.36363636363636,78.36363636363636,84.81818181818181,59.0,8.363636363636363,10.909090909090908
20200228,20,Heilongjiang,52.0,0.6716666666666665,0.7358333333333333,17.666666666666668,18.833333333333332,72.83333333333333,91.16666666666667,77.75,83.83333333333333,45.833333333333336,48.5,36.0,37.75,12.833333333333334,15.416666666666666
20200228,20,Henan,69.58823529411765,0.9370588235294118,0.885294117647059,24.470588235294116,21.176470588235293,51.11764705882353,70.70588235294117,60.470588235294116,60.705882352941174,49.411764705882355,42.64705882352941,50.64705882352941,44.588235294117645,4.9411764705882355,4.647058823529412
20200228,20,Hubei,21.90909090909091,1.0654545454545454,1.002727272727273,14.454545454545455,12.727272727272727,37.27272727272727,52.63636363636363,40.72727272727273,47.0,17.0,23.454545454545453,14.0,17.818181818181817,6.454545454545454,6.2727272727272725
20200228,20,Hunan,26.615384615384617,0.7846153846153846,0.7969230769230768,16.846153846153847,14.76923076923077,29.692307692307693,42.38461538461539,33.30769230769231,36.30769230769231,25.23076923076923,30.307692307692307,15.615384615384615,21.692307692307693,4.769230769230769,5.076923076923077
20200228,20,Jiangsu,36.1,0.5800000000000001,0.55,24.0,21.7,49.6,79.5,50.1,73.8,28.8,36.0,24.6,26.0,5.0,5.2
20200228,20,Jiangxi,59.8,0.9149999999999998,0.8560000000000001,21.6,19.4,40.4,71.9,52.5,59.6,58.9,66.3,40.9,44.8,8.6,10.8
20200228,20,Jilin,58.625,0.8512499999999998,0.92875,16.75,21.5,66.5,85.375,71.625,76.0,55.0,46.375,40.75,30.125,11.625,16.25
20200228,20,Liaoning,100.14285714285714,1.0150000000000001,0.9135714285714286,33.785714285714285,27.785714285714285,41.642857142857146,74.07142857142857,55.357142857142854,66.14285714285714,76.42857142857143,56.0,74.5,41.857142857142854,13.5,19.428571428571427
20200228,20,Neimenggu,64.0909090909091,0.7963636363636362,0.7981818181818183,31.90909090909091,20.454545454545453,64.54545454545455,95.9090909090909,81.81818181818181,85.36363636363636,71.0909090909091,81.18181818181819,40.0,48.18181818181818,18.272727272727273,23.545454545454547
20200228,20,Ningxia,62.0,0.8860000000000001,0.8480000000000001,57.4,31.8,52.2,104.2,88.8,91.6,72.8,89.0,34.6,41.6,20.4,17.0
20200228,20,Qinghai,29.0,0.93,1.4,41.0,31.0,61.0,113.0,97.0,99.0,29.0,57.0,12.0,39.0,8.0,14.0
20200228,20,Shandong,56.9375,0.6062500000000001,0.6331250000000002,21.375,22.8125,62.5625,78.375,66.5,69.125,43.625,39.8125,40.75,35.0625,7.5,6.0
20200228,20,Shanghai,66.0,1.1,0.69,53.0,33.0,31.0,87.0,40.0,80.0,35.0,43.0,48.0,31.0,5.0,5.0
20200228,20,Shanxi,81.9047619047619,1.1542857142857144,1.1042857142857139,37.523809523809526,28.714285714285715,43.04761904761905,72.14285714285714,59.57142857142857,60.714285714285715,77.47619047619048,56.23809523809524,55.666666666666664,43.61904761904762,12.714285714285714,12.952380952380953
20200228,20,Sichuan,37.333333333333336,0.8072222222222223,0.7605555555555555,34.166666666666664,19.055555555555557,62.166666666666664,98.66666666666667,82.5,83.61111111111111,37.05555555555556,36.05555555555556,22.444444444444443,26.38888888888889,6.777777777777778,6.833333333333333
20200228,20,Tianjin,113.0,1.09,0.82,32.0,35.0,41.0,58.0,47.0,49.0,65.0,48.0,85.0,55.0,8.0,11.0
20200228,20,Xinjiang,29.5,0.6599999999999999,0.63,11.0,10.0,66.0,75.0,65.5,69.5,22.0,25.0,13.0,19.0,6.5,5.5
20200228,20,Xizang,27.0,0.47,0.5,7.0,6.0,87.0,92.0,88.0,88.0,9.0,12.0,4.0,6.0,5.0,6.0
20200228,20,Yunnan,52.0,0.7525,0.81875,14.125,12.875,86.5,112.625,101.0,102.625,52.25,51.125,29.75,40.75,7.5,7.25
20200228,20,Zhejiang,58.45454545454545,0.8172727272727273,0.6445454545454545,31.90909090909091,22.90909090909091,46.09090909090909,86.9090909090909,60.36363636363637,74.45454545454545,59.36363636363637,52.36363636363637,40.18181818181818,29.181818181818183,5.636363636363637,5.2727272727272725
20200228,21,Anhui,40.9375,0.66875,0.620625,21.1875,19.875,38.375,67.125,41.1875,57.6875,29.8125,40.1875,28.4375,33.3125,5.9375,6.125
20200228,21,Beijing,121.0,0.8,0.63,30.0,29.0,58.0,82.0,72.0,74.0,84.0,55.0,92.0,55.0,2.0,4.0
20200228,21,Chongqing,43.0,0.96,0.91,35.0,25.0,25.0,66.0,45.0,45.0,39.0,31.0,30.0,23.0,5.0,5.0
20200228,21,Fujian,49.375,0.615,0.50875,29.875,16.125,59.5,113.125,91.25,99.5,49.625,33.875,30.75,22.0,6.0,5.875
20200228,21,Gansu,77.25,0.8066666666666666,0.6816666666666666,34.75,24.25,55.0,97.5,79.66666666666667,83.58333333333333,103.58333333333333,62.75,33.666666666666664,28.916666666666668,15.666666666666666,13.333333333333334
20200228,21,Guangdong,42.42857142857143,0.6204761904761904,0.5623809523809525,24.38095238095238,16.142857142857142,76.19047619047619,110.71428571428571,94.95238095238095,99.61904761904762,41.333333333333336,34.476190476190474,27.285714285714285,21.61904761904762,7.0476190476190474,6.809523809523809
20200228,21,Guangxi,50.84615384615385,0.6507692307692309,0.6184615384615384,22.846153846153847,17.46153846153846,49.46153846153846,81.3076923076923,67.38461538461539,72.84615384615384,50.30769230769231,48.0,31.846153846153847,30.46153846153846,12.461538461538462,8.153846153846153
20200228,21,Guizhou,55.8,0.7340000000000001,0.636,19.2,14.2,54.6,86.0,63.2,76.6,47.4,46.4,39.8,36.4,13.8,10.8
20200228,21,Hainan,29.0,0.425,0.385,5.5,4.5,65.0,80.0,70.5,74.0,29.0,26.5,10.5,11.5,3.5,4.0
20200228,21,Hebei,109.18181818181819,1.252727272727273,1.0827272727272728,35.90909090909091,31.818181818181817,38.18181818181818,69.9090909090909,53.72727272727273,58.09090909090909,106.72727272727273,80.63636363636364,82.18181818181819,60.81818181818182,9.818181818181818,10.636363636363637
20200228,21,Heilongjiang,50.0,0.6458333333333334,0.7258333333333332,15.166666666666666,18.75,74.91666666666667,91.0,77.0,84.08333333333333,46.0,48.25,34.583333333333336,37.166666666666664,11.5,15.416666666666666
20200228,21,Henan,71.52941176470588,0.9547058823529414,0.8905882352941177,26.58823529411765,21.294117647058822,45.1764705882353,70.82352941176471,59.470588235294116,61.1764705882353,51.705882352941174,43.11764705882353,52.1764705882353,44.76470588235294,5.176470588235294,4.647058823529412
20200228,21,Hubei,24.0,1.0663636363636364,1.0081818181818183,14.636363636363637,12.727272727272727,35.09090909090909,52.0,40.45454545454545,47.36363636363637,18.545454545454547,22.272727272727273,15.818181818181818,17.181818181818183,8.454545454545455,6.363636363636363
20200228,21,Hunan,26.23076923076923,0.77,0.7969230769230768,16.076923076923077,14.76923076923077,28.692307692307693,42.23076923076923,32.53846153846154,36.30769230769231,24.307692307692307,29.384615384615383,16.692307692307693,20.846153846153847,5.384615384615385,5.076923076923077
20200228,21,Jiangsu,37.5,0.601,0.547,23.3,21.8,48.3,78.5,50.4,73.8,29.6,35.4,26.4,25.7,5.0,4.9
20200228,21,Jiangxi,58.4,0.908,0.8699999999999999,22.5,19.6,35.9,71.3,51.4,59.7,60.5,65.9,40.9,44.6,10.2,10.6
20200228,21,Jilin,59.25,0.8524999999999999,0.9225,17.0,21.0,66.0,85.875,70.375,76.25,50.0,46.25,41.875,30.375,10.25,16.125
20200228,21,Liaoning,98.92857142857143,1.0207142857142857,0.9214285714285714,32.42857142857143,27.714285714285715,40.714285714285715,73.78571428571429,52.57142857142857,66.14285714285714,78.21428571428571,57.07142857142857,73.92857142857143,43.142857142857146,13.214285714285714,19.142857142857142
20200228,21,Neimenggu,81.45454545454545,0.88,0.8036363636363636,37.63636363636363,21.0,56.54545454545455,95.9090909090909,79.63636363636364,85.54545454545455,91.54545454545455,81.0,56.36363636363637,48.18181818181818,20.636363636363637,23.818181818181817
20200228,21,Ningxia,69.0,1.0139999999999998,0.85,62.8,32.4,40.2,104.2,83.0,91.6,83.4,86.2,43.0,41.0,22.8,17.2
20200228,21,Qinghai,26.0,0.9,1.43,43.0,32.0,50.0,113.0,91.0,99.0,26.0,56.0,11.0,37.0,8.0,14.0
20200228,21,Shandong,57.5,0.6187500000000001,0.63875,21.0,22.6875,61.25,78.125,66.375,69.8125,44.125,39.875,41.4375,35.625,6.0,6.0
20200228,21,Shanghai,71.0,1.16,0.74,56.0,34.0,24.0,83.0,36.0,80.0,41.0,43.0,52.0,32.0,5.0,5.0
20200228,21,Shanxi,82.71428571428571,1.1914285714285715,1.1019047619047615,38.38095238095238,29.095238095238095,34.38095238095238,72.0952380952381,57.095238095238095,60.80952380952381,80.80952380952381,57.95238095238095,57.333333333333336,44.61904761904762,14.904761904761905,13.142857142857142
20200228,21,Sichuan,43.666666666666664,0.8127777777777778,0.7622222222222222,38.833333333333336,19.61111111111111,48.44444444444444,98.66666666666667,79.88888888888889,83.83333333333333,43.27777777777778,34.44444444444444,27.333333333333332,24.833333333333332,6.333333333333333,6.777777777777778
20200228,21,Tianjin,110.0,1.09,0.84,34.0,34.0,35.0,59.0,48.0,50.0,66.0,49.0,83.0,57.0,7.0,12.0
20200228,21,Xinjiang,27.5,0.65,0.62,12.0,10.0,62.5,74.0,65.5,69.5,21.5,24.5,14.0,18.0,5.5,5.5
20200228,21,Xizang,25.0,0.5,0.5,10.0,6.0,81.0,92.0,88.0,88.0,10.0,12.0,6.0,6.0,6.0,6.0
20200228,21,Yunnan,54.125,0.8150000000000001,0.82,18.5,13.25,73.25,111.125,97.625,102.625,56.25,50.625,33.25,40.125,7.125,7.125
20200228,21,Zhejiang,56.0,0.8272727272727273,0.6554545454545454,32.0,23.545454545454547,38.81818181818182,85.54545454545455,57.0,74.45454545454545,58.18181818181818,53.0,39.09090909090909,29.818181818181817,5.2727272727272725,5.181818181818182
20200228,22,Anhui,42.6875,0.66625,0.6231249999999999,21.125,19.625,36.125,65.6875,40.5,57.875,32.1875,38.75,29.9375,32.5625,6.1875,6.125
20200228,22,Beijing,128.0,0.89,0.65,28.0,29.0,54.0,82.0,69.0,74.0,86.0,57.0,97.0,58.0,2.0,4.0
20200228,22,Chongqing,41.0,0.97,0.91,35.0,25.0,20.0,66.0,43.0,46.0,40.0,30.0,29.0,22.0,5.0,5.0
20200228,22,Fujian,48.375,0.59625,0.505,28.5,16.625,54.375,113.125,85.0,99.75,47.25,34.5,30.75,22.5,6.125,5.875
20200228,22,Gansu,81.0,0.7641666666666667,0.6791666666666667,32.166666666666664,24.333333333333332,52.583333333333336,97.5,75.33333333333333,83.66666666666667,111.83333333333333,64.0,34.25,28.5,16.166666666666668,13.5
20200228,22,Guangdong,43.61904761904762,0.6266666666666667,0.5666666666666667,26.80952380952381,16.333333333333332,67.80952380952381,110.80952380952381,90.85714285714286,99.71428571428571,42.285714285714285,34.904761904761905,27.952380952380953,21.857142857142858,7.0,6.809523809523809
20200228,22,Guangxi,51.61538461538461,0.7576923076923077,0.6238461538461538,24.692307692307693,17.46153846153846,42.30769230769231,81.23076923076923,63.30769230769231,72.84615384615384,50.38461538461539,47.61538461538461,33.38461538461539,30.23076923076923,10.076923076923077,8.307692307692308
20200228,22,Guizhou,57.8,0.732,0.64,19.6,14.6,51.0,84.8,61.8,76.8,49.6,45.4,41.4,35.6,15.4,11.0
20200228,22,Hainan,32.0,0.44,0.375,5.0,4.5,64.5,79.5,69.5,74.0,32.0,27.0,11.5,11.5,3.5,3.5
20200228,22,Hebei,108.0,1.2327272727272727,1.1127272727272726,35.36363636363637,32.0,35.54545454545455,69.81818181818181,51.18181818181818,58.27272727272727,100.9090909090909,82.72727272727273,81.27272727272727,62.81818181818182,9.545454545454545,10.545454545454545
20200228,22,Heilongjiang,50.833333333333336,0.6483333333333333,0.725,14.25,18.333333333333332,74.25,90.91666666666667,76.08333333333333,84.25,45.083333333333336,48.0,35.5,37.0,10.75,14.666666666666666
20200228,22,Henan,72.29411764705883,0.9276470588235294,0.895294117647059,27.58823529411765,21.529411764705884,42.05882352941177,70.88235294117646,57.294117647058826,61.23529411764706,53.35294117647059,43.705882352941174,52.705882352941174,45.294117647058826,5.0588235294117645,4.647058823529412
20200228,22,Hubei,26.545454545454547,1.0672727272727272,1.01,14.181818181818182,12.909090909090908,34.54545454545455,51.18181818181818,39.45454545454545,47.45454545454545,19.818181818181817,21.272727272727273,17.0,16.272727272727273,7.454545454545454,6.363636363636363
20200228,22,Hunan,26.307692307692307,0.7653846153846154,0.793076923076923,15.461538461538462,14.76923076923077,28.846153846153847,42.15384615384615,31.692307692307693,36.38461538461539,23.615384615384617,28.53846153846154,17.0,20.307692307692307,5.0,5.153846153846154
20200228,22,Jiangsu,39.6,0.5890000000000001,0.554,22.4,21.8,48.2,77.4,50.4,73.8,30.8,34.1,27.7,25.4,5.0,4.9
20200228,22,Jiangxi,58.4,0.8549999999999999,0.8719999999999999,22.6,19.8,32.3,71.1,48.7,59.7,60.9,65.8,41.7,44.4,9.7,10.8
20200228,22,Jilin,63.75,0.8875,0.90875,16.875,20.375,63.125,85.75,68.375,76.375,50.75,46.5,44.375,30.875,10.125,15.875
20200228,22,Liaoning,102.71428571428571,1.0471428571428572,0.927857142857143,33.142857142857146,27.5,38.357142857142854,73.57142857142857,49.57142857142857,66.07142857142857,81.0,57.857142857142854,76.92857142857143,44.642857142857146,13.928571428571429,18.714285714285715
20200228,22,Neimenggu,86.54545454545455,0.9054545454545455,0.8054545454545454,34.45454545454545,21.454545454545453,57.0,95.81818181818181,76.27272727272727,85.63636363636364,98.72727272727273,81.36363636363636,60.54545454545455,48.63636363636363,21.363636363636363,23.727272727272727
20200228,22,Ningxia,78.2,1.072,0.858,60.0,33.0,35.0,104.2,75.6,91.6,88.2,84.4,53.2,40.6,21.8,16.8
20200228,22,Qinghai,28.0,1.0,1.43,49.0,32.0,46.0,113.0,84.0,99.0,28.0,55.0,13.0,36.0,9.0,13.0
20200228,22,Shandong,59.25,0.635,0.6368750000000001,21.125,22.625,60.4375,77.6875,65.3125,70.0,46.0,40.125,42.5,36.1875,6.625,5.875
20200228,22,Shanghai,76.0,1.16,0.74,55.0,35.0,23.0,82.0,33.0,80.0,37.0,42.0,56.0,33.0,5.0,5.0
20200228,22,Shanxi,83.28571428571429,1.250952380952381,1.1109523809523811,38.23809523809524,29.285714285714285,28.904761904761905,72.14285714285714,53.23809523809524,60.95238095238095,80.14285714285714,59.666666666666664,58.666666666666664,45.61904761904762,15.142857142857142,13.380952380952381
20200228,22,Sichuan,47.0,0.8216666666666668,0.7572222222222222,38.666666666666664,20.333333333333332,40.888888888888886,98.66666666666667,74.72222222222223,83.88888888888889,48.166666666666664,33.388888888888886,30.27777777777778,23.555555555555557,6.166666666666667,6.777777777777778
20200228,22,Tianjin,116.0,1.07,0.85,33.0,34.0,34.0,58.0,46.0,49.0,64.0,51.0,88.0,60.0,6.0,11.0
20200228,22,Xinjiang,25.0,0.6599999999999999,0.62,15.5,10.5,56.0,74.0,65.5,70.0,21.5,23.5,14.0,16.5,5.5,5.5
20200228,22,Xizang,24.0,0.58,0.5,11.0,7.0,76.0,92.0,86.0,88.0,14.0,12.0,9.0,6.0,6.0,6.0
20200228,22,Yunnan,55.0,0.875,0.81625,19.875,13.5,66.875,110.75,93.375,102.625,56.5,50.25,34.75,39.0,7.375,7.125
20200228,22,Zhejiang,52.18181818181818,0.8145454545454546,0.6645454545454546,30.727272727272727,24.0,35.54545454545455,83.36363636363636,53.36363636363637,74.45454545454545,55.45454545454545,53.54545454545455,35.72727272727273,30.727272727272727,5.0,5.2727272727272725
20200228,23,Anhui,43.5625,0.66125,0.6356249999999999,21.25,19.625,32.9375,63.6875,39.375,57.9375,31.5,37.4375,30.75,31.875,7.25,6.125
20200228,23,Beijing,148.0,1.23,0.68,30.0,29.0,35.0,82.0,64.0,74.0,101.0,60.0,113.0,61.0,2.0,3.0
20200228,23,Chongqing,41.0,1.23,0.89,33.0,25.0,20.0,66.0,40.0,46.0,41.0,30.0,28.0,22.0,5.0,5.0
20200228,23,Fujian,47.875,0.595,0.51875,28.5,17.375,47.375,113.125,78.5,99.75,43.5,34.875,30.25,23.125,6.0,5.875
20200228,23,Gansu,77.41666666666667,0.7108333333333334,0.6791666666666666,29.916666666666668,23.833333333333332,52.0,97.5,70.91666666666667,83.66666666666667,101.66666666666667,64.91666666666667,33.5,28.083333333333332,11.583333333333334,13.5
20200228,23,Guangdong,43.857142857142854,0.6328571428571428,0.5685714285714286,28.285714285714285,16.904761904761905,60.0,110.61904761904762,86.0,99.76190476190476,42.19047619047619,35.38095238095238,28.238095238095237,22.142857142857142,7.190476190476191,6.857142857142857
20200228,23,Guangxi,54.07692307692308,0.7192307692307692,0.62,26.307692307692307,17.307692307692307,39.0,81.0,58.76923076923077,72.84615384615384,54.0,47.23076923076923,35.84615384615385,29.846153846153847,9.538461538461538,8.384615384615385
20200228,23,Guizhou,59.2,0.7200000000000001,0.646,17.4,14.6,49.6,83.4,59.2,76.8,50.6,44.0,42.6,34.6,14.6,11.4
20200228,23,Hainan,33.5,0.44,0.375,4.5,4.5,66.0,79.0,68.5,74.0,33.5,27.0,12.0,11.5,3.0,3.5
20200228,23,Hebei,106.36363636363636,1.2463636363636363,1.1381818181818184,35.72727272727273,32.36363636363637,33.63636363636363,69.81818181818181,47.45454545454545,58.45454545454545,100.45454545454545,84.54545454545455,80.0,64.54545454545455,7.818181818181818,10.454545454545455
20200228,23,Heilongjiang,48.416666666666664,0.6216666666666667,0.7174999999999999,14.083333333333334,18.25,72.66666666666667,91.16666666666667,75.16666666666667,84.41666666666667,43.416666666666664,47.666666666666664,33.666666666666664,36.666666666666664,10.333333333333334,14.333333333333334
20200228,23,Henan,71.58823529411765,0.901764705882353,0.8970588235294118,27.705882352941178,21.705882352941178,38.76470588235294,70.94117647058823,54.1764705882353,61.411764705882355,52.411764705882355,44.11764705882353,52.11764705882353,45.588235294117645,5.588235294117647,4.764705882352941
20200228,23,Hubei,27.272727272727273,1.019090909090909,1.011818181818182,12.636363636363637,12.727272727272727,35.36363636363637,51.09090909090909,38.81818181818182,47.63636363636363,20.09090909090909,20.363636363636363,17.09090909090909,15.818181818181818,5.7272727272727275,6.363636363636363
20200228,23,Hunan,25.23076923076923,0.7630769230769231,0.7884615384615383,14.846153846153847,14.538461538461538,29.23076923076923,42.38461538461539,31.0,36.46153846153846,22.076923076923077,27.46153846153846,16.53846153846154,19.384615384615383,4.846153846153846,5.153846153846154
20200228,23,Jiangsu,41.3,0.583,0.557,21.7,21.8,47.2,76.6,50.0,73.8,29.8,33.3,28.7,25.3,4.9,4.8
20200228,23,Jiangxi,57.6,0.915,0.874,23.2,20.1,28.0,70.5,45.2,59.7,61.9,66.0,40.6,44.3,9.3,10.7
20200228,23,Jilin,59.25,0.8775,0.9137500000000001,16.125,20.5,63.0,85.5,66.875,76.375,52.375,46.75,40.75,31.375,9.125,15.625
20200228,23,Liaoning,105.35714285714286,1.0964285714285713,0.927142857142857,34.214285714285715,27.285714285714285,35.5,74.14285714285714,46.357142857142854,66.07142857142857,85.35714285714286,59.07142857142857,78.92857142857143,46.285714285714285,14.428571428571429,18.428571428571427
20200228,23,Neimenggu,83.18181818181819,0.8645454545454547,0.820909090909091,31.454545454545453,21.90909090909091,57.36363636363637,95.81818181818181,72.36363636363636,85.72727272727273,93.0,81.72727272727273,59.0,48.72727272727273,18.363636363636363,23.818181818181817
20200228,23,Ningxia,75.4,1.012,0.842,55.4,33.6,36.4,104.2,67.4,91.6,91.2,82.6,46.8,39.8,22.2,17.0
20200228,23,Qinghai,44.0,1.27,1.43,47.0,33.0,40.0,113.0,76.0,99.0,44.0,55.0,23.0,36.0,13.0,13.0
20200228,23,Shandong,57.875,0.6212500000000001,0.638125,19.8125,22.4375,60.3125,76.8125,64.1875,70.0,45.375,40.3125,41.5,36.5625,6.1875,5.8125
20200228,23,Shanghai,78.0,1.24,0.76,52.0,36.0,22.0,82.0,29.0,80.0,33.0,42.0,57.0,35.0,5.0,5.0
20200228,23,Shanxi,86.85714285714286,1.2723809523809524,1.1257142857142857,38.333333333333336,29.61904761904762,24.714285714285715,72.19047619047619,48.285714285714285,61.0,82.0952380952381,61.61904761904762,61.476190476190474,46.857142857142854,15.142857142857142,13.523809523809524
20200228,23,Sichuan,47.333333333333336,0.8166666666666668,0.7516666666666666,39.388888888888886,21.166666666666668,33.888888888888886,98.66666666666667,68.33333333333333,83.88888888888889,46.5,32.666666666666664,30.833333333333332,22.333333333333332,6.611111111111111,6.833333333333333
20200228,23,Tianjin,116.0,0.99,0.86,26.0,33.0,44.0,58.0,44.0,49.0,59.0,51.0,88.0,62.0,5.0,10.0
20200228,23,Xinjiang,25.5,0.6799999999999999,0.62,19.5,10.5,49.0,74.0,63.0,70.0,20.5,22.5,12.5,16.0,6.0,5.5
20200228,23,Xizang,23.0,0.57,0.5,11.0,7.0,72.0,92.0,84.0,88.0,13.0,12.0,9.0,6.0,6.0,6.0
20200228,23,Yunnan,59.375,0.8650000000000001,0.8162499999999999,18.5,13.875,63.5,110.625,88.625,102.625,58.625,50.0,37.75,38.625,7.375,7.125
20200228,23,Zhejiang,50.54545454545455,0.7990909090909092,0.6818181818181818,29.636363636363637,24.454545454545453,34.63636363636363,81.81818181818181,49.36363636363637,74.45454545454545,52.09090909090909,53.81818181818182,34.90909090909091,31.272727272727273,5.0,5.2727272727272725
